date,commissioner,pollster,sample,moe,FF,FG,SF,SD,LAB,AON,INDIRL,GP,PBPS,REN,IA,PD,IND
4 Apr 2026,Sunday Independent,Ireland Thinks,"~1,000",2.8,19,17,22,9,5,6,6,3,3,,,,10
29 Mar 2026,Business Post,Red C,"1,010",3,16,18,24,8,4,6,5,3,3,,,,12
27 Feb 2026,Sunday Independent,Ireland Thinks,"~1,200",2.8,18,17,22,11,4,6,5,4,3,,,,11
19 Feb 2026,Business Post,Red C,"1,010",3,17,18,23,9,5,5,4,3,3,,,,13
3 Feb 2026,The Irish Times,Ipsos B&A,"1,200",2.8,19,18,24,7,4,3,4,4,2,,,,16
30 Jan 2026,Sunday Independent,Ireland Thinks,"1,248",2.8,18,18,20,10,4,6,6,3,4,,,,11
21 Jan 2026,Business Post,Red C,"1,010",3,15,18,24,10,5,5,4,2,3,,,,14
19 Dec 2025,Sunday Independent,Ireland Thinks,"~1,000",~3.0,18,17,22,10,4,6,5,2,4,,,,11
5 Dec 2025,Sunday Independent,Ireland Thinks,"1,069",3.1,20,17,24,8,5,5,5,2,3,,,,11
26 Nov 2025,Business Post,Red C,"1,010",3,18,17,22,8,4,6,4,3,2,,,,15
31 Oct 2025,Sunday Independent,Ireland Thinks,"1,609",2.5,18,19,23,9,5,6,5,2,3,,,,10
21 Oct 2025,Business Post,Red C,"1,012",~3.0,17,19,23,9,4,4,5,3,3,,,,12
15 Oct 2025,The Irish Times,Ipsos B&A,"1,200",2.8,17,18,27,6,5,3,2,3,2,,,,17
3 Oct 2025,Sunday Independent,Ireland Thinks,"1,500",2.3,20,21,21,8,4,6,4,1,3,,,,11
9 Sep 2025,Business Post,Red C,"1,003",3,18,19,21,7,4,3,6,3,4,,,,15
5 Sep 2025,Sunday Independent,Ireland Thinks,"~1,500",2.3,22,21,20,7,4,4,4,2,3,,,,13
1 Aug 2025,Sunday Independent,Ireland Thinks,"1,319",2.7,20,20,20,8,4,4,5,1,3,,,,14
15 Jul 2025,The Irish Times,Ipsos B&A,"1,200",2.8,22,17,22,6,4,2,,3,2,,,,22
4 Jul 2025,Sunday Independent,Ireland Thinks,"1,532",2.3,19,20,20,8,5,5,6,2,3,,,,11
25 Jun 2025,Business Post,Red C,"1,008",3,19,18,21,7,4,5,5,3,3,,,,14
30 May 2025,Sunday Independent,Ireland Thinks,"1,857",2.3,21,21,20,9,5,5,5,1,3,,,,10
22 May 2025,Business Post,Red C,"1,000",3,20,19,22,7,5,4,4,3,3,,,,13
2 May 2025,Sunday Independent,Ireland Thinks,"1,649",2.5,23,20,22,8,4,4,5,2,3,,,,9
23 Apr 2025,Business Post,Red C,"1,000",3,20,20,24,7,3,5,5,3,3,,,,10
17 Apr 2025,The Irish Times,Ipsos B&A,"1,200",2.8,22,16,26,7,4,1,,3,3,,,,17
4 Apr 2025,Sunday Independent,Ireland Thinks,"2,072",2.2,25,21,21,8,4,4,4,2,3,,,,9
26 Mar 2025,Business Post,Red C,"1,002",3,22,17,22,7,4,4,4,3,3,,,,13
28 Feb 2025,Sunday Independent,Ireland Thinks,"1,373",2.7,22,22,21,7,4,3,5,2,2,,,,11
19 Feb 2025,Business Post,Red C,"1,029",3,20,20,23,7,4,4,4,3,3,,,,11
1 Feb 2025,Sunday Independent,Ireland Thinks,"1,591",2.5,24,20,22,8,4,4,4,3,2,,,,9
22 Jan 2025,Business Post,Red C,"1,003",3.1,22,20,22,7,3,4,3,3,2,,,,13
11 Jan 2025,Sunday Independent,Ireland Thinks,"1,206",2.9,23.8,22.3,19.3,7.3,3.8,5.3,4.9,2.3,2.2,,,,8.8
29 November 2024,RTÉ/TG4/The Irish Times,Ipsos B&A,"5,018",,19.5,21,21.1,5.8,5,3.6,2.2,4,3.1,,,,14.6
26 November 2024,Business Post,Red C,"1,004",,21,20,20,6,4,4,4,4,2,,,,15
23 November 2024,The Irish Times,Ipsos B&A,"1,200",,21,19,20,6,4,3,,4,3,,,,17
23 November 2024,Sunday Independent,Ireland Thinks,"1,420",,20,22,20,5,4,5,,3,2,,,,19
16 November 2024,The Sunday Times,Opinions,"1,000",,20,23,18,6,4,2,,4,2,,,,21
13 November 2024,The Irish Times,Ipsos B&A,"1,200",,19,25,19,4,5,3,,3,2,,,,20
9 November 2024,Business Post,Red C,"1,208",,21,22,18,6,3,5,3,4,2,,,,16
2 November 2024,Sunday Independent,Ireland Thinks,"1,832",,20,26,18,6,4,3,,4,2,,,,16
23 October 2024,Business Post,Red C,"1,003",,21,22,17,5,4,3,5,3,3,,,,15
16 October 2024,The Sunday Times,Opinions,"1,005",,19,24,16,5,5,2,,4,3,,,,22
4 October 2024,Sunday Independent,Ireland Thinks,"1,413",,19,26,19,6,5,4,,4,2,,,,16
19 September 2024,The Sunday Times,Opinions,"1,000",,20,24,18,5,4,2,,4,3,,,,20
17 September 2024,The Irish Times,Ipsos B&A,"1,200",,19,27,20,4,6,1,,5,2,,,,16
10 September 2024,Business Post,Red C,"1,004",,18,23,18,6,4,4,4,4,3,,,,15
31 August 2024,Sunday Independent,Ireland Thinks,"1,423",,21,25,18,4,4,3,,4,2,,,,19
3 August 2024,Sunday Independent,Ireland Thinks,"1,388",,20,24,19,5,4,4,,4,2,,,,18
5 July 2024,Sunday Independent,Ireland Thinks,"1,394",,20,24,18,4,3,4,,4,3,,,,20
26 June 2024,Business Post,Red C,"1,000",,19,21,20,5,3,3,5,5,3,,,,15
31 May 2024,Sunday Independent,Ireland Thinks,"1,770",,17,22,22,5,3,3,,4,2,,,,23
22 May 2024,Business Post,Red C,"1,021",,15,22,23,5,4,3,,4,3,,,,21
15 May 2024,The Sunday Times,Opinions,"1,100",,16,19,27,6,3,3,,5,3,,,,18
15 May 2024,The Irish Times,Ipsos B&A,"1,500",,20,23,23,3,5,1,,4,2,,,,17
3 May 2024,Sunday Independent,Ireland Thinks,"1,316",,16,19,29,6,3,3,,4,2,,,,19
25 April 2024,Business Post,Red C,"1,027",,14,20,27,6,3,4,,3,2,,,,21
17 April 2024,The Sunday Times,Opinions,"1,100",,16,20,27,4,5,3,,6,3,,,,16
6 April 2024,Sunday Independent,Ireland Thinks,"1,334",,16,21,26,6,3,4,,4,2,,,,17
23 March 2024,Sunday Independent,Ireland Thinks,"1,304",,17,22,27,6,4,4,,4,2,,,,14
20 March 2024,Business Post,Red C,"1,027",,16,19,25,6,3,5,,4,3,,,,19
2 March 2024,Sunday Independent,Ireland Thinks,"1,083",,18,20,27,7,4,2,,4,2,,,,17
21 February 2024,Business Post,Red C,"1,009",,16,20,28,7,4,3,,3,3,,,,16
6 February 2024,The Irish Times,Ipsos B&A,"1,200",,20,19,28,4,4,1,,5,2,,,,17
2 February 2024,Sunday Independent,Ireland Thinks,"1,394",,17,19,29,5,4,3,,3,3,,,,18
24 January 2024,Business Post,Red C,"1,003",,17,20,25,6,4,3,,4,3,,,,18
6 January 2024,Sunday Independent,Ireland Thinks,"1,270",,17,20,30,5,3,3,,3,3,,,,17
2 December 2023,Sunday Independent,Ireland Thinks,"1,306",,19,21,28,5,4,3,,3,4,,,,14
22 November 2023,Business Post,Red C,"1,021",,16,20,29,6,4,2,,4,3,,,,16
3 November 2023,Sunday Independent,Ireland Thinks,"1,387",,18,21,31,5,3,3,,4,4,,,,11
25 October 2023,Business Post,Red C,"1,018",,15,20,32,6,5,2,,4,3,,,,12
29 September 2023,Sunday Independent,Ireland Thinks,"1,196",,17,19,35,5,3,3,,4,2,,,,12
26 September 2023,The Irish Times,Ipsos MRBI,"1,200",,20,18,34,2,3,1,,3,1,,,,18
12 September 2023,Business Post,Red C,"1,011",,16,21,31,5,4,3,,4,3,,,,12
12 September 2023,The Sunday Times,Behaviour and Attitudes,910,,21,20,33,3,4,1,,6,2,,,,9
1 September 2023,Sunday Independent,Ireland Thinks,"1,228",,18,21,33,6,3,2,,2,3,,,,10
5 August 2023,Sunday Independent,Ireland Thinks,"1,272",,18,19,34,5,4,2,,5,3,,,,10
12 July 2023,The Sunday Times,Behaviour and Attitudes,910,,24,19,34,2,4,1,,4,2,,,,10
1 July 2023,Sunday Independent,Ireland Thinks,"1,076",,19,19,31,6,2,3,,3,4,,,,13
21 June 2023,Business Post,Red C,"1,011",,16,22,29,5,5,2,,4,3,,,,14
13 June 2023,The Irish Times,Ipsos MRBI,"1,200",,21,18,31,5,4,1,,4,2,,,,14
2 June 2023,Sunday Independent,Ireland Thinks,"1,136",,19,20,32,6,3,3,,3,2,,,,13
24 May 2023,Business Post,Red C,"1,011",,15,20,34,6,4,1,,4,3,,,,13
9 May 2023,The Sunday Times,Behaviour and Attitudes,906,,22,17,35,3,4,1,,5,1,,,,12
6 May 2023,Sunday Independent,Ireland Thinks,"1,175",,19,20,31,5,4,2,,3,4,,,,12
26 April 2023,Business Post,Red C,"1,016",,16,22,31,5,4,2,,4,2,,,,14
4 April 2023,The Sunday Times,Behaviour and Attitudes,909,,21,15,37,4,4,2,,6,2,,,,8
1 April 2023,Sunday Independent,Ireland Thinks,"1,102",,16,22,31,7,3,3,,4,3,,,,10
22 March 2023,Business Post,Red C,"1,005",,15,22,31,6,4,2,,3,3,,,,14
14 March 2023,The Sunday Times,Behaviour and Attitudes,943,,20,23,32,4,5,,,5,2,,,,9
3 March 2023,Sunday Independent,Ireland Thinks,"1,162",,19,21,29,9,3,3,,4,2,,,,10
22 February 2023,Business Post,Red C,998,,17,21,31,4,4,2,,4,3,,,,14
21 February 2023,The Irish Times,Ipsos MRBI,"1,200",,18,22,35,2,4,,,4,,,,,16
14 February 2023,The Sunday Times,Behaviour and Attitudes,921,,24,23,31,2,5,,,5,1,,,,9
3 February 2023,Sunday Independent,Ireland Thinks,"1,212",,18,22,31,4,4,4,,4,3,,,,10
25 January 2023,Business Post,Red C,"1,004",,15,21,33,6,4,2,,4,3,,,,12
17 January 2023,The Sunday Times,Behaviour and Attitudes,936,,25,19,34,2,4,1,,5,2,,,,8
6 January 2023,Sunday Independent,Ireland Thinks,"1,104",,16,25,32,3,3,3,,4,4,,,,10
6 December 2022,The Sunday Times,Behaviour and Attitudes,923,,21,23,34,1,3,,,5,1,,,,12
2 December 2022,Sunday Independent,Ireland Thinks,"1,352",,17,23,34,5,3,4,,3,3,,,,9
23 November 2022,Business Post,Red C,"1,000",,15,24,31,4,4,2,,5,3,,,,11
8 November 2022,The Sunday Times,Behaviour and Attitudes,923,,23,21,34,2,5,1,,4,1,,,,9
4 November 2022,Sunday Independent,Ireland Thinks,"1,002",,17,21,34,4,3,4,,3,5,,,,10
25 October 2022,The Irish Times,Ipsos MRBI,"1,200",,21,22,35,3,3,1,,4,2,,,,10
15 October 2022,The Sunday Times,Behaviour and Attitudes,931,,22,21,34,2,6,0,,4,2,,,,9
1 October 2022,Sunday Independent,Ireland Thinks,"1,254",,17,21,37,3,3,3,,4,4,,,,8
6 September 2022,Business Post,Red C,"1,004",,17,18,35,4,4,2,,5,3,,,,12
6 September 2022,The Sunday Times,Behaviour and Attitudes,905,,24,20,35,3,4,0,,5,2,,,,8
3 September 2022,Sunday Independent,Ireland Thinks,"1,127",,16,21,36,4,3,3,,2,5,,,,11
6 August 2022,Sunday Independent,Ireland Thinks,"1,180",,17,22,36,4,3,3,,4,4,,,,9
12 July 2022,The Irish Times,Ipsos MRBI,"1,200",,20,18,36,2,4,1,,3,3,,,,14
1 July 2022,Sunday Independent,Ireland Thinks,"1,133",,15,22,36,3,4,3,,4,3,,,,10
22 June 2022,Business Post,Red C,"1,004",,14,19,36,4,3,3,,4,4,,,,12
7 June 2022,The Sunday Times,Behaviour and Attitudes,,,22,23,37,0,5,1,,4,1,,,,8
4 June 2022,Sunday Independent,Ireland Thinks,"1,211",,17,20,35,5,4,3,,3,3,,,,8
25 May 2022,Business Post,Red C,"1,000",,15,20,36,4,3,2,,5,3,,,,11
10 May 2022,The Sunday Times,Behaviour and Attitudes,908,,24,19,36,2,5,1,,2,2,,,,9
7 May 2022,Sunday Independent,Ireland Thinks,"1,002",,16,23,34,4,4,3,,3,4,,,,8
27 April 2022,Business Post,Red C,"1,014",,16,21,34,5,4,2,,4,3,,,,11
1 April 2022,Sunday Independent,Ireland Thinks,"1,135",,18,22,33,6,4,3,,3,2,,,,10
23 March 2022,Business Post,Red C,"1,001",,16,19,33,5,5,2,,5,3,,,,12
8 March 2022,The Sunday Times,Behaviour and Attitudes,928,,23,24,33,1,3,1,,4,2,,,,9
4 March 2022,Sunday Independent,Ireland Thinks,"1,011",,20,21,31,6,3,2,,4,4,,,,9
23 February 2022,Business Post,Red C,"1,001",,17,20,33,4,4,2,,5,3,,,,11
8 February 2022,The Sunday Times,Behaviour and Attitudes,922,,25,20,34,2,4,0,,5,1,,,,9
5 February 2022,Sunday Independent,Ireland Thinks,"1,086",,17,23,32,5,3,3,,4,3,,,,10
26 January 2022,Business Post,Red C,"1,001",,15,21,33,5,4,2,,6,2,,,,12
18 January 2022,The Sunday Times,Behaviour and Attitudes,,,24,22,34,1,4,0,,3,2,,,,10
8 January 2022,Sunday Independent,Ireland Thinks,"1,369",,19,23,33,4,4,2,,3,3,,,,9
12 December 2021,Irish Mail on Sunday,Ireland Thinks,,,17,25,31,3,4,3,,4,4,,,,9
8 December 2021,The Sunday Times,Behaviour and Attitudes,933,,23,20,34,2,5,0,,5,1,,,,9
8 December 2021,The Irish Times,Ipsos MRBI,"1,200",,20,20,35,2,4,1,,5,2,,,,10
25 November 2021,Business Post,Red C,"1,001",,15,22,33,5,4,2,,5,2,,,,10
14 November 2021,Irish Mail on Sunday,Ireland Thinks,,,17,24,32,4,5,3,,5,3,,,,7
9 November 2021,The Sunday Times,Behaviour and Attitudes,912,,20,21,37,3,3,1,,5,1,,,,8
22 October 2021,Business Post,Red C,,,12,25,33,6,5,2,,4,3,,,,10
16 October 2021,Irish Mail on Sunday,Ireland Thinks,"1,200",,16,26,31,4,4,3,,6,3,,,,
12 October 2021,The Sunday Times,Behaviour and Attitudes,943,,23,21,31,4,5,1,,5,1,,,,8
5 October 2021,The Irish Times,Ipsos MRBI,"1,200",,20,22,32,3,4,1,,7,2,,,,10
18 September 2021,Irish Mail on Sunday,Ireland Thinks,"1,000",,19,23,29,6,4,4,,4,4,,,,
9 September 2021,Business Post,Red C,"1,031",,13,28,29,5,5,2,,4,3,,,,10
8 September 2021,The Sunday Times,Behaviour and Attitudes,922,,21,23,33,2,5,0,,5,2,,,,8
21 August 2021,Irish Mail on Sunday,Ireland Thinks,"1,203",,15,24,30,6,6,3,,4,3,,,,9
17 July 2021,Irish Mail on Sunday,Ireland Thinks,"1,001",,14,25,30,5,7,4,,4,4,,,,7
13 July 2021,The Sunday Times,Behaviour and Attitudes,894,,20,25,30,1,5,1,,5,3,,,,10
26 June 2021,Business Post,Red C,"1,020",,13,30,29,4,3,2,,5,2,,,,12
19 June 2021,Irish Mail on Sunday,Ireland Thinks,"1,274",,15,24,32,5,4,4,,3,4,,,,10
15 June 2021,The Irish Times,Ipsos MRBI,"1,200",,20,27,31,2,3,1,,6,2,,,,8
8 June 2021,The Sunday Times,Behaviour and Attitudes,909,,20,24,34,4,3,1,,4,1,,,,9
27 May 2021,Business Post,Red C,"1,034",,14,29,29,5,3,2,,5,3,,,,10
18 May 2021,The Sunday Times,Behaviour and Attitudes,914,,22,28,30,2,4,,,5,1,,,,8
15 May 2021,Irish Mail on Sunday,Ireland Thinks,"1,237",,15,25,30,7,4,4,,3,3,,,,9
22 April 2021,Business Post,Red C,"1,025",,13,30,27,5,5,2,,4,2,,,,11
15 April 2021,Irish Mail on Sunday,Ireland Thinks,"1,087",,16,26,27,6,5,4,,3,3,,,,10
25 March 2021,Business Post,Red C,"1,000",,11,30,29,5,4,2,,5,2,,,,11
20 March 2021,Irish Mail on Sunday,Ireland Thinks,"1,026",,14,27,31,7,5,3,,2,3,,,,8
25 February 2021,Business Post,Red C,"1,000",,13,29,29,6,4,2,,3,2,,,,12
23 February 2021,The Irish Times,Ipsos MRBI,"1,200",,14,30,28,3,3,1,,6,1,,,,14
12 February 2021,Irish Mail on Sunday,Ireland Thinks,"1,068",,15,26,28,6,5,4,,5,3,,,,9
28 January 2021,Business Post,Red C,"1,000",,16,29,27,5,3,2,,5,3,,,,10
17 January 2021,Irish Mail on Sunday,Ireland Thinks,"1,247",,15,28,29,5,5,4,,3,3,,,,7
15 December 2020,The Sunday Times,Behaviour and Attitudes,916,,22,27,32,1,5,0,,3,2,,,,7
29 November 2020,Irish Mail on Sunday,Ireland Thinks,"1,044",,17,28,28,5,4,4,,4,2,,,,9
25 November 2020,Business Post,Red C,"1,000",,12,33,30,4,3,2,,5,3,,,,8
24 October 2020,Business Post,Red C,"1,000",,11,37,27,3,3,2,,6,2,,,,9
17 October 2020,The Sunday Times,Behaviour and Attitudes,931,,19,31,30,2,4,1,,5,2,,,,5
6 October 2020,The Irish Times,Ipsos MRBI,"1,200",,17,35,29,2,4,,,4,1,,,,8
26 September 2020,Irish Mail on Sunday,Ireland Thinks,"1,200",,14,32,28,5,4,3,,4,3,,,,7
15 September 2020,The Sunday Times,Behaviour and Attitudes,900,,19,30,32,1,3,0,,5,1,,,,9
9 September 2020,Business Post,Red C,"1,000",,10,35,27,4,3,2,,6,2,,,,10
22 August 2020,Irish Mail on Sunday,Ireland Thinks,"1,000",,11,35,30,5,5,2,,3,2,,,,7
28 July 2020,The Sunday Times,Behaviour and Attitudes,921,,20,29,30,1,3,0,,6,1,,,,11
18 July 2020,Irish Mail on Sunday,Ireland Thinks,"1,000",,12,38,26,3,4,,,5,2,,,,10
20 June 2020,Irish Mail on Sunday,Ireland Thinks,"1,000",,13,34,27,3,4,,,8,2,,,,10
14 June 2020,The Irish Times,Ipsos MRBI,"1,200",,13,37,25,,2,,,12,,,,,10
27 May 2020,Business Post,Red C,"1,000",,15,35,27,4,3,1,,5,2,,,,8
23 May 2020,Irish Mail on Sunday,Ireland Thinks,"1,012",,16,36,27,3,4,,,6,2,,,,6
29 April 2020,Business Post,Red C,"1,019",,14,35,27,3,3,1,,7,2,,,,8
25 March 2020,Business Post,Red C,"1,062",,18,34,28,3,3,2,,5,2,,,,5
10 March 2020,The Sunday Times,Behaviour and Attitudes,912,,19,21,35,1,3,0,,6,3,,,,11
25 February 2020,The Sunday Times,Behaviour and Attitudes,917,,20,18,35,2,3,1,,6,3,,,,12
16 February 2020,Extra.ie,Amárach Research,"1,040",,17,18,35,5,3,,,9,3,,,,10
8 February 2020,RTÉ/TG4/The Irish Times,Ipsos MRBI,"5,300",,22.2,22.4,22.3,3.4,4.6,,,7.9,2.8,,,,14.5
2 February 2020,Sinn Féin,Survation,"1,074",,22,17,25,3,6,,,9,5,,1,,12
1 February 2020,The Irish Times,Ipsos MRBI,"1,200",,23,20,25,2,4,1,,8,2,,1,,15
30 January 2020,The Business Post,Red C,"1,000",,24,21,24,3,5,2,,7,1,,,,11
30 January 2020,The Times Ireland,Panelbase,"1,000",,23,19,21,5,5,,,10,5,,,,12
25 January 2020,Irish Mail on Sunday,Ireland Thinks,"1,031",,27,22,20,3,6,1,,10,1,,,,10
23 January 2020,The Business Post,Red C,"1,000",,26,23,19,3,4,1,,8,2,,,,15
18 January 2020,The Irish Times,Ipsos MRBI,"1,200",,25,23,21,2,5,,,8,2,,1,,13
14 January 2020,The Sunday Times,Behaviour and Attitudes,923,,32,20,19,1,4,,,7,2,1,3,,10
24 December 2019,Irish Daily Mail,Ireland Thinks,"1,585",,25,28,15,3,5,,,7,3,,,,16
17 December 2019,The Sunday Times,Behaviour and Attitudes,936,,27,27,20,1,6,0,,6,3,,2,,9
21 November 2019,The Business Post,Red C,"1,000",,24,30,11,2,6,1,,7,2,,4,,13
12 November 2019,The Sunday Times,Behaviour and Attitudes,923,,25,27,17,2,6,0,,6,2,0,4,,11
24 October 2019,The Business Post,Red C,"1,000",,24,32,11,2,4,1,,7,1,,4,,14
15 October 2019,The Sunday Times,Behaviour and Attitudes,,,28,29,16,1,5,0,,6,3,0,2,,9
13 October 2019,The Irish Times,Ipsos MRBI,"1,200",,25,29,14,1,6,,,8,1,,1,,14
17 September 2019,The Sunday Times,Behaviour and Attitudes,929,,29,26,20,1,3,0,,5,1,1,4,,10
12 September 2019,The Business Post,Red C,"1,000",,28,29,12,1,6,0,,7,1,0,3,,13
16 July 2019,The Sunday Times,Behaviour and Attitudes,902,,30,26,14,1,5,,,7,2,1,4,,8
11 June 2019,The Sunday Times,Behaviour and Attitudes,900,,28,23,12,1,5,,,11,2,1,3,,13
24 May 2019,"RTÉ, TG4",Red C,"2,671",,23,26,15,3,5,,,12,2,1,2,,11
16 May 2019,The Business Post,Red C,"2,000",,24,28,13,2,5,2,,7,2,1,2,,14
14 May 2019,The Sunday Times,Behaviour and Attitudes,933,,28,28,19,1,4,,,5,3,,3,,9
8 May 2019,The Irish Times,Ipsos MRBI,"1,500",,26,29,16,,7,,,4,,,,,18
17 April 2019,The Business Post,Red C,"1,000",,23,33,14,2,5,1,,3,1,,2,,16
16 April 2019,The Sunday Times,Behaviour and Attitudes,933,,29,28,21,1,4,,,1,1,,4,,10
28 March 2019,The Business Post,Red C,"1,000",,25,31,13,3,5,1,,3,2,,3,,15
12 March 2019,The Sunday Times,Behaviour and Attitudes,930,,25,31,19,0,5,,,3,1,0,2,,12
5 March 2019,The Irish Times,Ipsos MRBI,"1,200",,24,30,21,1,6,,,2,2,,1,,13
20 February 2019,The Business Post,Red C,"1,000",,24,31,18,2,5,,,2,1,0,2,,15
12 February 2019,The Sunday Times,Behaviour and Attitudes,910,,26,30,18,1,5,,,2,2,1,2,,14
24 January 2019,The Business Post,Red C,"1,000",,22,32,13,2,6,,,3,2,0,5,,14
15 January 2019,The Sunday Times,Behaviour and Attitudes,907,,26,30,20,1,4,,,2,2,,2,,13
21 December 2018,Irish Daily Mail,Ireland Thinks,"1,546",,23,32,16,3,7,,,4,4,,,,13
18 December 2018,The Sunday Times,Behaviour and Attitudes,911,,29,31,17,2,5,,,3,2,,2,,10
13 December 2018,The Sunday Independent,Milward Brown,920,,27,32,21,2,5,,,1,1,,4,,6
22 November 2018,The Business Post,Red C,"1,000",,27,34,13,2,6,,,3,0,0,5,,10
13 November 2018,The Sunday Times,Behaviour and Attitudes,905,,27,30,23,1,6,,,1,2,,1,,9
26 October 2018,RTÉ,Red C,"3,474",,22,35,15,3,7,,,4,2,0,1,,11
17 October 2018,The Business Post,Red C,"1,000",,25,33,15,2,5,,,4,0,,4,,12
16 October 2018,The Sunday Times,Behaviour and Attitudes,940,,27,31,19,0,6,,,2,2,0,2,,9
12 October 2018,The Irish Times,Ipsos MRBI,"1,200",,25,33,24,1,4,,,2,3,,1,,6
10 October 2018,Paddy Power,Red C,"1,000",,27,32,14,1,5,,,3,2,0,3,,13
18 September 2018,The Sunday Times,Behaviour and Attitudes,940,,25,32,20,0,5,,,3,3,0,4,,8
13 September 2018,The Business Post,Red C,"1,000",,22,33,14,2,6,,,2,2,1,4,,13
24 August 2018,Irish Daily Mail,Ireland Thinks,942,,24,29,19,2,6,,,2,1,,,,17
17 July 2018,The Sunday Times,Behaviour and Attitudes,931,,21,34,22,1,3,,,2,1,0,4,,10
12 June 2018,The Sunday Times,Behaviour and Attitudes,931,,24,31,24,1,4,,,2,2,0,3,,9
16 May 2018,The Business Post,Red C,"1,000",,25,34,16,1,6,,,2,3,0,4,,9
15 May 2018,The Sunday Times,Behaviour and Attitudes,935,,23,30,24,1,4,,,2,2,,3,,10
30 April 2018,The Sunday Independent,Milward Brown,"1,003",,27,34,22,,5,,,3,1,,5,,2
26 April 2018,The Business Post,Red C,"1,000",,25,32,14,2,6,,,2,2,1,2,,13
18 April 2018,Irish Daily Mail,Ireland Thinks,,,26,29,16,3,5,,,4,4,,,,13
17 April 2018,The Sunday Times,Behaviour and Attitudes,928,,25,33,21,1,6,,,2,1,1,2,,10
17 April 2018,The Irish Times,Ipsos MRBI,"1,200",,26,31,22,1,5,,,3,2,,1,,9
22 March 2018,The Business Post,Red C,"1,000",,24,33,16,2,6,,,2,2,2,1,,12
13 March 2018,The Sunday Times,Behaviour and Attitudes,900,,27,32,19,1,6,,,2,2,,3,,10
22 February 2018,The Business Post,Red C,"1,000",,29,32,14,2,6,,,2,1,1,3,,10
14 February 2018,The Sunday Independent,Milward Brown,970,,28,36,20,1,4,,,2,1,,3,,11
13 February 2018,The Sunday Times,Behaviour and Attitudes,926,,25,36,16,1,5,,,1,3,,4,,9
25 January 2018,The Business Post,Red C,"1,003",,26,32,15,2,6,,,4,3,0,3,,9
23 January 2018,The Irish Times,Ipsos MRBI,"1,200",,25,34,19,1,4,,,3,2,,1,,11
16 January 2018,The Sunday Times,Behaviour and Attitudes,920,,26,32,18,1,6,,,2,2,,4,,9
24 December 2017,The Sunday Times,Behaviour and Attitudes,913,,26,34,17,2,5,,,2,2,,4,,8
22 December 2017,Irish Daily Mail,Ireland Thinks,"1,144",,26,33,16,2,6,,,2,3,,,,12
7 December 2017,The Irish Times,Ipsos MRBI,"1,200",,25,36,19,1,4,,,3,1,,1,,10
23 November 2017,The Business Post,Red C,"1,004",,26,27,16,3,6,,,4,3,1,4,,10
7 November 2017,The Sunday Times,Behaviour and Attitudes,919,,31,34,14,1,3,,,2,3,0,3,,8
20 October 2017,The Business Post,Red C,"1,004",,25,29,14,2,6,,,4,4,0,4,,12
10 October 2017,The Sunday Times,Behaviour and Attitudes,915,,27,31,19,1,4,,,2,1,0,3,,12
2 October 2017,The Irish Times,Ipsos MRBI,"1,200",,29,31,19,2,4,,,3,2,0,1,,9
22 September 2017,The Business Post,Red C,"1,004",,26,30,16,4,5,,,2,4,1,2,,10
12 September 2017,The Sunday Times,Behaviour and Attitudes,937,,25,33,19,1,5,,,2,1,0,4,,10
21 July 2017,The Sunday Independent,Milward Brown,956,,29,30,20,0,7,,,2,1,,5,,7
11 July 2017,The Sunday Times,Behaviour and Attitudes,923,,30,29,18,1,5,,,2,2,0,4,,9
5 July 2017,The Business Post,Red C,"1,000",,24,27,18,2,6,,,4,4,3,4,,8
10 June 2017,The Sunday Times,Behaviour and Attitudes,"1,004",,29,29,18,1,5,,,3,1,1,5,,9
25 May 2017,The Business Post,Red C,"1,004",,21,29,15,4,6,,,3,3,1,3,,15
13 May 2017,The Sunday Times,Behaviour and Attitudes,945,,27,28,18,1,4,,,2,1,1,4,,14
28 April 2017,The Business Post,Red C,"1,004",,28,24,18,4,6,,,3,4,1,2,,10
11 April 2017,The Sunday Times,Behaviour and Attitudes,937,,28,29,18,2,5,,,2,2,,,,11
24 March 2017,The Business Post,Red C,"1,004",,26,24,17,3,6,,,4,4,0,3,,13
8 March 2017,The Sunday Times,Behaviour and Attitudes,934,,28,22,23,1,6,,,2,2,0,6,,9
28 February 2017,The Irish Times,Ipsos MRBI,"1,200",,29,28,21,1,4,,,3,3,,2,,9
23 February 2017,The Business Post,Red C,"1,004",,26,24,19,3,4,,,4,6,1,3,,10
16 February 2017,The Sunday Independent,Milward Brown,960,,33,25,20,2,6,,,2,3,,5,,4
8 February 2017,The Sunday Times,Behaviour and Attitudes,955,,32,21,19,2,6,,,2,3,0,5,,10
26 January 2017,The Business Post,Red C,"1,004",,27,24,14,4,5,,,4,4,1,3,,14
21 January 2017,The Sunday Times,Behaviour and Attitudes,921,,29,23,17,1,5,,,3,5,0,3,,15
13 December 2016,The Sunday Times,Behaviour and Attitudes,924,,28,26,19,1,5,,,3,3,1,5,,9
6 December 2016,The Irish Times,Ipsos MRBI,"1,200",,30,27,17,2,6,,,3,3,,2,,10
25 November 2016,The Business Post,Red C,"1,000",,24,25,16,4,5,,,3,5,1,4,,12
9 November 2016,The Sunday Times,Behaviour and Attitudes,924,,30,28,17,0,3,,,2,3,0,5,,11
27 October 2016,The Business Post,Red C,"1,002",,26,25,13,3,5,,,3,9,0,6,,10
20 October 2016,The Sunday Independent,Milward Brown,942,,27,29,20,1,8,,,2,5,,5,,3
12 October 2016,The Sunday Times,Behaviour and Attitudes,917,,30,26,17,1,5,,,2,2,1,4,,11
4 October 2016,The Irish Times,Ipsos MRBI,"1,200",,26,26,19,2,5,,,3,3,,,,15
22 September 2016,The Business Post,Red C,"1,002",,27,25,15,4,7,,,2,6,0,4,,10
14 September 2016,The Sunday Times,Behaviour and Attitudes,911,,28,23,18,1,7,,,2,4,0,4,,12
27 July 2016,The Business Post,Red C,"1,000",,28,27,15,3,4,,,3,4,0,5,,10
13 July 2016,The Business Post,Red C,"1,004",,29,26,13,4,6,,,4,5,1,5,,8
13 July 2016,The Sunday Times,Behaviour and Attitudes,909,,30,25,14,2,6,,,2,5,0,4,,12
7 July 2016,The Irish Times,Ipsos MRBI,"1,200",,33,24,16,2,5,,,4,2,,2,,11
29 June 2016,The Sunday Independent,Milward Brown,"1,000",,26,30,20,2,7,,,3,4,,,,8
15 June 2016,The Sunday Times,Behaviour and Attitudes,913,,26,25,17,1,5,,,3,4,1,6,,11
26 May 2016,The Business Post,Red C,"1,004",,26,26,15,4,6,,,2,5,0,4,,11
11 May 2016,The Sunday Times,Behaviour and Attitudes,898,,27,26,16,2,5,,,4,4,0,7,,9
11 May 2016,The Business Post,Red C,"1,015",,25,27,16,4,5,,,3,6,1,3,,10
13 April 2016,The Sunday Times,Behaviour and Attitudes,926,,26,23,17,2,4,,,3,4,1,8,,12
10 March 2016,The Business Post,Red C,"1,006",,25,27,15,5,4,,,3,4,2,5,,9
23 February 2016,Paddy Power,Red C,,,20,30,15,4,7,,,3,3,2,2,,14
22 February 2016,The Irish Times,Ipsos MRBI,,,23,28,15,3,6,,,2,3,2,4,,14
21 February 2016,Sunday Independent,Millward Brown,,,23,27,19,4,6,,,2,5,2,,,14
21 February 2016,The Sunday Business Post,Red C,,,18,30,16,4,8,,,4,3,2,3,,12
21 February 2016,The Sunday Times,Behaviour & Attitudes,,,22,30,15,3,4,,,3,5,3,5,,10
16 February 2016,The Irish Sun,Red C,,,19,26,17,3,9,,,4,2,2,5,,13
13 February 2016,The Sunday Business Post,Red C,,,18,28,20,4,8,,,2,3,1,3,,13
10 February 2016,Paddy Power,Red C,,,18,30,17,3,8,,,2,4,2,4,,12
6 February 2016,The Sunday Times,Behaviour & Attitudes,,,20,28,17,4,8,,,3,3,2,4,,11
6 February 2016,The Sunday Business Post,Red C,,,17,31,17,3,10,,,2,3,1,2,,14
6 February 2016,Sunday Independent,Millward Brown,,,22,27,21,1,6,,,1,3,1,,,18
4 February 2016,The Irish Times,Ipsos MRBI,,,21,28,19,2,7,,,2,4,1,3,,13
30 January 2016,The Sunday Business Post,Red C,,,17,29,19,2,10,,,3,3,1,,,16
16 January 2016,The Sunday Business Post,Red C,,,19,30,19,1,9,,,2,3,2,,,15
16 January 2016,The Sunday Times,Behaviour & Attitudes,,,20,31,16,1,6,,,3,3,2,3,,17
19 December 2015,The Sunday Business Post,Red C,,,17,32,19,2,9,,,2,3,2,,,14
13 December 2015,The Sunday Times,Behaviour & Attitudes,,,19,31,17,1,8,,,3,4,1,2,,14
2 December 2015,Paddy Power,Red C,,,20,28,18,3,9,,,2,4,1,2,,13
26 November 2015,The Irish Times,Ipsos MRBI,,,19,30,21,2,7,,,2,3,2,3,,11
21 November 2015,The Sunday Business Post,Red C,,,19,31,18,3,7,,,2,4,1,,,15
14 November 2015,The Sunday Times,Behaviour & Attitudes,,,20,26,21,1,7,,,1,9,1,2,,12
7 November 2015,Sunday Independent,Millward Brown,,,24,29,21,,7,,,1,,1,,,19
24 October 2015,The Sunday Business Post,Red C,,,20,30,16,1,7,,,2,1,2,,,21
18 October 2015,The Sunday Times,Behaviour & Attitudes,,,19,24,19,1,8,,,1,7,2,5,,13
23 September 2015,The Irish Times,Ipsos MRBI,,,20,28,19,1,8,,,1,3,2,3,,15
12 September 2015,The Sunday Business Post,Red C,,,18,28,16,,10,,,,,,,,28
15 August 2015,The Sunday Times,Behaviour & Attitudes,,,20,27,19,1,6,,,2,5,1,,,21
30 July 2015,Sunday Independent,Millward Brown,,,23,24,21,1,7,,,1,3,1,,,21
26 July 2015,The Sunday Business Post,Red C,,,18,25,18,,8,,,2,1,,,,28
18 July 2015,The Sunday Times,Behaviour & Attitudes,,,18,24,17,,8,,,,,,,,32
27 June 2015,Sunday Independent,Millward Brown,,,23,29,21,,6,,,1,3,1,,,16
24 June 2015,The Sunday Business Post,Red C,,,20,28,18,,7,,,2,,1,,,24
15 June 2015,The Sunday Times,Behaviour & Attitudes,,,21,24,19,,9,,,2,,1,,,25
30 May 2015,The Sunday Business Post,Red C,,,19,28,21,,10,,,3,,1,,,18
14 May 2015,The Irish Times,Ipsos MRBI,,,20,28,21,,7,,,,,,,,24
26 April 2015,The Sunday Business Post,Red C,,,19,25,22,,8,,,1,,1,,,23
5 April 2015,Sunday Independent,Millward Brown,,,19,25,24,,8,,,3,2,2,,,16
28 March 2015,The Sunday Business Post,Red C,,,18,27,17,,10,,,2,,2,,,24
26 March 2015,The Irish Times,Ipsos MRBI,,,17,24,24,,7,,,3,,,,,25
11 March 2015,The Sunday Times,Behaviour & Attitudes,,,18,27,19,,9,,,3,,,,,23
21 February 2015,The Sunday Business Post,Red C,,,18,24,21,,7,,,3,,1,,,26
14 February 2015,Sunday Independent,Millward Brown,,,19,25,26,,6,,,1,,,,,23
19 January 2015,The Sunday Business Post,Red C,,,19,24,20,,9,,,2,,,,,26
13 January 2015,RTÉ,Red C,,,18,24,21,,8,,,1,,1,,,27
21 December 2014,The Sunday Times,Behaviour & Attitudes,,,18,24,22,,5,,,1,,,,,29
18 December 2014,Sunday Independent,Millward Brown,,,18,22,21,,5,,,2,,,,,32
17 December 2014,The Sunday Business Post,Red C,,,19,21,24,,6,,,2,,,,,28
4 December 2014,The Irish Times,Ipsos MRBI,,,21,19,22,,6,,,3,,,,,29
23 November 2014,The Sunday Business Post,Red C,,,18,22,22,,8,,,3,,,,,27
2 November 2014,Sunday Independent,Millward Brown,,,20,22,26,,7,,,2,,,,,23
26 October 2014,The Sunday Times,Behaviour & Attitudes,,,18,25,19,,9,,,3,,,,,25
26 October 2014,The Sunday Business Post,Red C,,,18,26,20,,8,,,2,,,,,28
9 October 2014,The Irish Times,Ipsos MRBI,,,20,24,24,,9,,,,,,,,23
21 September 2014,Sunday Independent,Millward Brown,,,21,25,22,,9,,,1,,,,,23
14 September 2014,The Sunday Business Post,Red C,,,18,28,23,,8,,,2,,,,,23
17 August 2014,The Sunday Times,Behaviour & Attitudes,,,18,24,19,,14,,,1,,,,,24
3 August 2014,Sunday Independent,Millward Brown,,,20,25,24,,7,,,1,,,,,23
29 June 2014,The Sunday Business Post,Red C,,,18,25,22,,7,,,2,,,,,26
12 June 2014,Paddy Power,Red C,,,18,22,22,,4,,,2,,,,,32
7 June 2014,Sunday Independent,Millward Brown,,,20,20,26,,5,,,2,2,,,,25
19 May 2014,Sunday Independent,Millward Brown,,,21,20,23,,6,,,2,,,,,27
1 May 2014,The Sunday Business Post,Red C,,,21,25,18,,11,,,,,,,,25
19 April 2014,Sunday Independent,Millward Brown,,,22,29,20,,6,,,2,,,,,21
19 April 2014,The Sunday Times,Behaviour & Attitudes,,,20,21,20,,9,,,4,,,,,26
3 April 2014,The Irish Times,Ipsos MRBI,,,25,25,21,,8,,,,,,,,21
30 March 2014,The Sunday Business Post,Red C,,,22,26,21,,9,,,,,,,,22
28 February 2014,Sunday Independent,Millward Brown,,,21,27,22,,8,,,2,,,,,20
22 February 2014,The Sunday Times,Behaviour & Attitudes,,,19,30,18,,9,,,,,,,,24
22 February 2014,The Sunday Business Post,Red C,,,22,29,16,,11,,,,,,,,22
24 January 2014,Sunday Independent,Millward Brown,,,26,30,16,,12,,,1,,,,,15
22 January 2014,The Sunday Business Post,Red C,,,23,27,16,,9,,,,,,,,25
9 January 2014,Paddy Power,Red C,,,22,28,18,,10,,,,,,,,22
15 December 2013,The Sunday Times,Behaviour & Attitudes,,,21,30,15,,11,,,3,,,,,21
10 December 2013,The Irish Times,Ipsos MRBI,,,22,30,21,,9,,,,,,,,18
24 November 2013,The Sunday Business Post,Red C,,,22,29,15,,12,,,2,,,,,20
17 November 2013,Sunday Independent,Millward Brown,,,24,27,21,,9,,,1,,,,,18
7 November 2013,Paddy Power,Red C,,,24,25,16,,9,,,2,,,,,24
23 October 2013,The Sunday Business Post,Red C,,,23,29,17,,9,,,,,,,,23
1 October 2013,The Irish Times,Ipsos MRBI,,,22,26,23,,6,,,2,,,,,21
28 September 2013,Sunday Independent,Millward Brown Lansdowne,,,27,28,19,,10,,,1,,,,,15
21 September 2013,The Sunday Times,Behaviour & Attitudes,,,21,25,18,,11,,,3,,,,,23
16 September 2013,The Sunday Business Post,Red C,,,23,27,17,,10,,,4,,,,,19
1 September 2013,Sunday Independent,Millward Brown Lansdowne,,,25,27,21,,8,,,1,,,,,18
18 August 2013,Sunday Independent,Millward Brown Lansdowne,,,28,29,19,,8,,,1,,,,,15
7 July 2013,Sunday Independent,Millward Brown Lansdowne,,,29,26,19,,8,,,,,,,,19
30 June 2013,The Sunday Business Post,Red C,,,22,28,17,,12,,,,,,,,21
14 June 2013,The Irish Times,Ipsos MRBI,,,26,24,21,,9,,,2,,,,,18
13 June 2013,Paddy Power,Red C,,,24,30,16,,10,,,,,,,,20
2 June 2013,Sunday Independent,Millward Brown Lansdowne,,,27,27,17,,11,,,,,,,,18
26 May 2013,The Sunday Business Post,Red C,,,26,26,16,,11,,,,,,,,21
19 May 2013,Sunday Independent,Millward Brown Lansdowne,,,26,23,19,,12,,,1,,,,,18
28 April 2013,The Sunday Business Post,Red C,,,25,28,16,,11,,,2,,,,,18
14 April 2013,Sunday Independent,Millward Brown Lansdowne,,,27,24,16,,12,,,2,,,,,18
31 March 2013,The Sunday Times,Behaviour & Attitudes,,,23,27,15,,7,,,2,,,,,25
24 March 2013,The Sunday Business Post,Red C,,,24,28,14,,13,,,1,,,,,20
17 March 2013,Sunday Independent,Millward Brown Lansdowne,,,29,25,20,,9,,,1,,,,,16
2 March 2013,Irish Independent,Millward Brown Lansdowne,,,23,24,21,,11,,,2,,,,,20
24 February 2013,The Sunday Business Post,Red C,,,26,28,16,,12,,,2,,,,,16
18 February 2013,Irish Independent,Millward Brown Lansdowne,,,27,25,20,,13,,,1,,,,,15
8 February 2013,The Irish Times,Ipsos MRBI,,,26,25,18,,10,,,1,,,,,20
27 January 2013,The Sunday Business Post,Red C,,,21,28,19,,11,,,2,,,,,19
21 January 2013,The Sunday Times,Behaviour & Attitudes,,,24,26,19,,11,,,3,,,,,18
10 January 2013,Paddy Power,Red C,,,21,29,16,,13,,,3,,,,,18
2 December 2012,The Sunday Business Post,Red C,,,20,28,17,,14,,,3,,,,,18
18 November 2012,The Sunday Times,Behaviour & Attitudes,,,22,30,14,,12,,,3,,,,,19
28 October 2012,The Sunday Business Post,Red C,,,19,34,17,,13,,,2,,,,,15
18 October 2012,The Irish Times,Ipsos MRBI,,,21,31,20,,12,,,2,,,,,14
23 September 2012,The Sunday Business Post,Red C,,,18,32,18,,14,,,2,,,,,16
16 September 2012,The Sunday Times,Behaviour & Attitudes,,,16,31,18,,14,,,2,,,,,19
24 June 2012,The Sunday Business Post,Red C,,,18,32,16,,15,,,2,,,,,17
27 May 2012,Sunday Independent,Millward Brown Lansdowne,,,17,36,20,,12,,,1,,,,,14
26 May 2012,The Sunday Business Post,Red C,,,18,30,19,,15,,,2,,,,,16
25 May 2012,The Irish Times,Ipsos MRBI,,,17,32,24,,10,,,2,,,,,15
23 May 2012,The Sunday Times,Behaviour & Attitudes,,,16,33,17,,14,,,2,,,,,18
18 May 2012,Paddy Power,Red C,,,18,32,20,,13,,,2,,,,,15
18 May 2012,Irish Independent,Millward Brown Lansdowne,,,16,34,17,,15,,,1,,,,,17
13 May 2012,The Sunday Business Post,Red C,,,19,29,21,,13,,,2,,,,,16
29 April 2012,The Sunday Business Post,Red C,,,17,32,19,,14,,,2,1,,,,15
17 April 2012,The Sunday Times,Behaviour & Attitudes,,,15,33,16,,14,,,5,,,,,18
20 April 2012,The Irish Times,Ipsos MRBI,,,14,33,21,,13,,,2,,,,,17
30 March 2012,Paddy Power,Red C,,,15,35,14,,16,,,2,,,,,18
25 March 2012,The Sunday Business Post,Red C,,,16,34,18,,15,,,2,,,,,15
4 March 2012,The Sunday Business Post,Red C,,,17,30,18,,16,,,2,,,,,17
20 February 2012,The Sunday Times,Behaviour & Attitudes,,,16,33,20,,13,,,2,,,,,16
29 January 2012,The Sunday Business Post,Red C,,,18,30,17,,14,,,3,,,,,18
12 January 2012,Paddy Power,Red C,,,17,33,14,,16,,,2,,,,,18
12 December 2011,The Sunday Times,Behaviour & Attitudes,,,18,29,19,,12,,,3,,,,,18
4 December 2011,The Sunday Business Post,Red C,,,18,32,15,,15,,,1,,,,,19
25 October 2011,The Irish Times,Ipsos MRBI,,,15,36,15,,19,,,1,,,,,14
23 October 2011,The Sunday Business Post,Red C,,,14,31,16,,17,,,2,,,,,20
18 October 2011,The Sunday Times,Behaviour & Attitudes,,,14,35,17,,16,,,1,,,,,16
7 October 2011,The Irish Times,Ipsos MRBI,,,16,35,18,,17,,,2,,,,,12
2 October 2011,The Sunday Times,Behaviour & Attitudes,,,16,34,14,,16,,,3,,,,,17
25 September 2011,The Sunday Business Post,Red C,,,15,33,15,,16,,,2,,,,,19
17 September 2011,Sunday Independent,Millward Brown Lansdowne,,,10,40,11,,20,,,2,,,,,17
4 September 2011,The Sunday Times,Behaviour & Attitudes,,,15,44,13,,12,,,2,,,,,12
21 July 2011,The Irish Times,Ipsos MRBI,,,18,38,10,,18,,,2,,,,,14
22 June 2011,Irish Independent,Millward Brown Lansdowne,,,16,42,11,,19,,,1,,,,,12
29 May 2011,The Sunday Business Post,Red C,,,16,41,11,,19,,,3,,,,,10
10 April 2011,The Sunday Business Post,Red C,,,16,39,11,,18,,,2,,,,,14
23 February 2011,Paddy Power,Red C,,,16,40,10,,18,,,3,,,,,14
23 February 2011,Irish Independent,Millward Brown Lansdowne,,,14,38,11,,20,,,1,,,,,16
21 February 2011,The Irish Times,Ipsos MRBI,,,16,37,11,,19,,,2,,,,,15
20 February 2011,The Sunday Business Post,Red C,,,16,39,12,,17,,,2,,,,,14
20 February 2011,Sunday Independent,Millward Brown Lansdowne,,,16,37,12,,20,,,1,,,,,14
17 February 2011,Irish Daily Star,OI Research,,,17,39,10,,18,,,2,,,,,14
16 February 2011,Irish Independent,Millward Brown Lansdowne,,,12,38,10,,23,,,1,,,,,16
13 February 2011,The Sunday Business Post,Red C,,,15,38,10,,20,,,3,,,,,14
6 February 2011,The Sunday Business Post,Red C,,,17,35,13,,22,,,2,,,,,11
3 February 2011,The Irish Times,Ipsos MRBI,,,15,33,12,,24,,,1,,,,,15
2 February 2011,Paddy Power,Red C,,,18,37,12,,19,,,2,,,,,11
2 February 2011,Irish Independent,Millward Brown Lansdowne,,,16,30,13,,24,,,1,,,,,15
30 January 2011,The Sunday Business Post,Red C,,,16,33,13,,21,,,2,,,,,15
30 January 2011,Sunday Independent,Millward Brown Lansdowne,,,16,34,10,,24,,,1,,,,,15
7 January 2011,Paddy Power,Red C,,,14,35,14,,21,,,4,,,,,12
19 December 2010,The Sunday Business Post,Red C,,,17,34,14,,23,,,2,,,,,10
16 December 2010,The Irish Times,Ipsos MRBI,,,17,30,15,,25,,,2,,,,,11
3 December 2010,The Irish Sun,Red C,,,13,32,16,,24,,,3,,,,,11
21 November 2010,The Sunday Business Post,Red C,,,17,31,11,,27,,,3,,,,,8
24 October 2010,The Sunday Business Post,Red C,,,18,32,9,,27,,,4,,,,,10
30 September 2010,The Irish Times,Ipsos MRBI,,,24,24,8,,33,,,2,,,,,9
26 September 2010,The Sunday Business Post,Red C,,,24,31,10,,23,,,3,,,,,9
23 September 2010,TV3,Millward Brown Lansdowne,,,22,30,4,,35,,,2,,,,,8
27 June 2010,The Sunday Business Post,Red C,,,24,33,8,,27,,,2,,,,,6
11 June 2010,The Irish Times,Ipsos MRBI,,,17,28,9,,32,,,3,,,,,11
30 May 2010,The Sunday Business Post,Red C,,,24,30,10,,22,,,5,,,,,9
2 May 2010,The Sunday Business Post,Red C,,,23,33,6,,24,,,6,,,,,8
28 March 2010,The Sunday Business Post,Red C,,,24,35,10,,17,,,5,,,,,9
28 February 2010,The Sunday Business Post,Red C,,,27,34,9,,17,,,5,,,,,8
13 February 2010,Irish Independent,Millward Brown IMS,,,27,34,8,,19,,,2,,,,,10
31 January 2010,The Sunday Business Post,Red C,,,27,34,8,,17,,,5,,,,,9
22 January 2010,The Irish Times,Ipsos MRBI,,,22,32,8,,24,,,3,,,,,11
22 November 2009,The Sunday Business Post,Red C,,,23,36,10,,17,,,5,,,,,9
25 October 2009,The Sunday Business Post,Red C,,,25,35,9,,19,,,3,,,,,9
27 September 2009,The Sunday Business Post,Red C,,,24,35,8,,18,,,4,,,,,11
26 September 2009,The Irish Times,TNS-MRBI,,,20,31,9,,25,,,4,,,,,11
13 September 2009,The Sunday Business Post,Red C,,,24,33,8,,19,,,5,,,,,11
3 September 2009,The Irish Times,TNS-MRBI,,,17,34,10,,24,,,3,,,,,12
31 May 2009,The Sunday Business Post,Red C,,,21,34,10,,18,,,4,,,,,13
29 May 2009,The Irish Times,TNS-MRBI,,,20,36,8,,23,,,3,,,,,10
17 May 2009,The Sunday Business Post,Red C,,,24,34,7,,18,,,5,,,,,12
15 May 2009,The Irish Times,TNS-MRBI,,,21,38,9,,20,,,3,,,,,10
26 April 2009,The Sunday Business Post,Red C,,,23,33,8,,19,,,7,,,,,10
29 March 2009,The Sunday Business Post,Red C,,,28,31,7,,17,,,7,,,,,10
1 March 2009,The Sunday Business Post,Red C,,,23,30,11,,22,,,6,,,,,8
27 February 2009,Irish Independent,Millward Brown IMS,,,25,30,7,,22,,,5,,,,,10
13 February 2009,The Irish Times,TNS-MRBI,,,22,32,9,,24,,,4,,,,,9
1 February 2009,The Sunday Business Post,Red C,,,28,33,9,,14,,,8,,,,,8
23 November 2008,The Sunday Business Post,Red C,,,30,35,8,,14,,,5,,,,,8
14 November 2008,The Irish Times,TNS-MRBI,,,27,34,8,,14,,,4,,,,,13
26 October 2008,The Sunday Business Post,Red C,,,26,33,10,,15,,,6,,,,,10
21 September 2008,The Sunday Business Post,Red C,,,36,28,9,,9,,,7,,,,3,11
27 July 2008,The Sunday Business Post,Red C,,,40,24,9,,10,,,9,,,,1,8
22 June 2008,The Sunday Business Post,Red C,,,40,25,10,,10,,,7,,,,2,8
7 June 2008,The Irish Times,TNS-MRBI,,,42,23,8,,15,,,5,,,,1,7
25 May 2008,The Sunday Business Post,Red C,,,38,29,7,,10,,,8,,,,2,8
16 May 2008,The Irish Times,TNS-MRBI,,,42,26,6,,15,,,4,,,,1,7
27 April 2008,The Sunday Business Post,Red C,,,38,29,7,,10,,,8,,,,2,8
30 March 2008,The Sunday Business Post,Red C,,,35,30,9,,10,,,8,,,,1,8
2 March 2008,The Sunday Business Post,Red C,,,37,31,8,,10,,,7,,,,2,7
27 January 2008,The Sunday Business Post,Red C,,,36,32,9,,10,,,7,,,,2,6
25 January 2008,The Irish Times,TNS-MRBI,,,34,31,8,,12,,,6,,,,3,9
25 November 2007,The Sunday Business Post,Red C,,,32,31,7,,13,,,9,,,,2,9
2 November 2007,The Irish Times,TNS-MRBI,,,33,31,7,,15,,,5,,,,2,9
28 October 2007,The Sunday Business Post,Red C,,,39,27,8,,10,,,7,,,,2,9
23 September 2007,The Sunday Business Post,Red C,,,40,27,6,,11,,,7,,,,3,9