constituency,count,candidate_id,candidate,incumbent,party,votes,status,seats,quota,turnout,tvp,spoilt,electorate,,,,,,,,,,,,,,,,,
Dublin,1,lynn boylan,Lynn Boylan,FALSE,SF,"83,264",running,3,88144,358943,352575,6368,820668,,,,,,,,,,,,,,,,,
Dublin,1,brian hayes,Brian Hayes,FALSE,FG,"54,676",running,3,88144,358943,352575,6368,820668,,,,,,,,,,,,,,,,,
Dublin,1,mary fitzpatrick,Mary Fitzpatrick,FALSE,FF,"44,283",running,3,88144,358943,352575,6368,820668,,,,,,,,,,,,,,,,,
Dublin,1,eamon ryan,Eamon Ryan,FALSE,GP,"44,078",running,3,88144,358943,352575,6368,820668,,,,,,,,,,,,,,,,,
Dublin,1,nessa childers,Nessa Childers,FALSE,IND,"35,939",running,3,88144,358943,352575,6368,820668,,,,,,,,,,,,,,,,,
Dublin,1,paul murphy,Paul Murphy,FALSE,SP,"29,953",running,3,88144,358943,352575,6368,820668,,,,,,,,,,,,,,,,,
Dublin,1,emer costello,Emer Costello,FALSE,LAB,"25,961",running,3,88144,358943,352575,6368,820668,,,,,,,,,,,,,,,,,
Dublin,1,brid smith,Bríd Smith,FALSE,PBP,"23,875",running,3,88144,358943,352575,6368,820668,,,,,,,,,,,,,,,,,
Dublin,1,tom darcy,Tom D'Arcy,FALSE,IND,"4,022",eliminated,3,88144,358943,352575,6368,820668,,,,,,,,,,,,,,,,,
Dublin,1,raymond whitehead,Raymond Whitehead,FALSE,IND,"3,133",eliminated,3,88144,358943,352575,6368,820668,,,,,,,,,,,,,,,,,
Dublin,1,jim tallon,Jim Tallon,FALSE,IND,"2,244",eliminated,3,88144,358943,352575,6368,820668,,,,,,,,,,,,,,,,,
Dublin,1,damon wise,Damon Wise,FALSE,FS,"1,147",eliminated,3,88144,358943,352575,6368,820668,,,,,,,,,,,,,,,,,
Dublin,2,lynn boylan,Lynn Boylan,FALSE,SF,"84,289",running,3,88144,358943,352575,6368,820668,,,,,,,,,,,,,,,,,
Dublin,2,brian hayes,Brian Hayes,FALSE,FG,"55,132",running,3,88144,358943,352575,6368,820668,,,,,,,,,,,,,,,,,
Dublin,2,mary fitzpatrick,Mary Fitzpatrick,FALSE,FF,"44,954",running,3,88144,358943,352575,6368,820668,,,,,,,,,,,,,,,,,
Dublin,2,eamon ryan,Eamon Ryan,FALSE,GP,"45,173",running,3,88144,358943,352575,6368,820668,,,,,,,,,,,,,,,,,
Dublin,2,nessa childers,Nessa Childers,FALSE,IND,"37,706",running,3,88144,358943,352575,6368,820668,,,,,,,,,,,,,,,,,
Dublin,2,paul murphy,Paul Murphy,FALSE,SP,"31,310",running,3,88144,358943,352575,6368,820668,,,,,,,,,,,,,,,,,
Dublin,2,emer costello,Emer Costello,FALSE,LAB,"26,232",running,3,88144,358943,352575,6368,820668,,,,,,,,,,,,,,,,,
Dublin,2,brid smith,Bríd Smith,FALSE,PBP,"25,539",eliminated,3,88144,358943,352575,6368,820668,,,,,,,,,,,,,,,,,
Dublin,2,tom darcy,Tom D'Arcy,FALSE,IND,,eliminated,3,88144,358943,352575,6368,820668,,,,,,,,,,,,,,,,,
Dublin,2,raymond whitehead,Raymond Whitehead,FALSE,IND,,eliminated,3,88144,358943,352575,6368,820668,,,,,,,,,,,,,,,,,
Dublin,2,jim tallon,Jim Tallon,FALSE,IND,,eliminated,3,88144,358943,352575,6368,820668,,,,,,,,,,,,,,,,,
Dublin,2,damon wise,Damon Wise,FALSE,FS,,eliminated,3,88144,358943,352575,6368,820668,,,,,,,,,,,,,,,,,
Dublin,3,lynn boylan,Lynn Boylan,FALSE,SF,"89,764",elected,3,88144,358943,352575,6368,820668,,,,,,,,,,,,,,,,,
Dublin,3,brian hayes,Brian Hayes,FALSE,FG,"55,656",running,3,88144,358943,352575,6368,820668,,,,,,,,,,,,,,,,,
Dublin,3,mary fitzpatrick,Mary Fitzpatrick,FALSE,FF,"45,779",running,3,88144,358943,352575,6368,820668,,,,,,,,,,,,,,,,,
Dublin,3,eamon ryan,Eamon Ryan,FALSE,GP,"47,256",running,3,88144,358943,352575,6368,820668,,,,,,,,,,,,,,,,,
Dublin,3,nessa childers,Nessa Childers,FALSE,IND,"41,787",running,3,88144,358943,352575,6368,820668,,,,,,,,,,,,,,,,,
Dublin,3,paul murphy,Paul Murphy,FALSE,SP,"39,313",running,3,88144,358943,352575,6368,820668,,,,,,,,,,,,,,,,,
Dublin,3,emer costello,Emer Costello,FALSE,LAB,"27,194",eliminated,3,88144,358943,352575,6368,820668,,,,,,,,,,,,,,,,,
Dublin,3,brid smith,Bríd Smith,FALSE,PBP,,eliminated,3,88144,358943,352575,6368,820668,,,,,,,,,,,,,,,,,
Dublin,3,tom darcy,Tom D'Arcy,FALSE,IND,,eliminated,3,88144,358943,352575,6368,820668,,,,,,,,,,,,,,,,,
Dublin,3,raymond whitehead,Raymond Whitehead,FALSE,IND,,eliminated,3,88144,358943,352575,6368,820668,,,,,,,,,,,,,,,,,
Dublin,3,jim tallon,Jim Tallon,FALSE,IND,,eliminated,3,88144,358943,352575,6368,820668,,,,,,,,,,,,,,,,,
Dublin,3,damon wise,Damon Wise,FALSE,FS,,eliminated,3,88144,358943,352575,6368,820668,,,,,,,,,,,,,,,,,
Dublin,4,lynn boylan,Lynn Boylan,FALSE,SF,"89,764",elected,3,88144,358943,352575,6368,820668,,,,,,,,,,,,,,,,,
Dublin,4,brian hayes,Brian Hayes,FALSE,FG,"63,591",running,3,88144,358943,352575,6368,820668,,,,,,,,,,,,,,,,,
Dublin,4,mary fitzpatrick,Mary Fitzpatrick,FALSE,FF,"48,360",running,3,88144,358943,352575,6368,820668,,,,,,,,,,,,,,,,,
Dublin,4,eamon ryan,Eamon Ryan,FALSE,GP,"53,179",running,3,88144,358943,352575,6368,820668,,,,,,,,,,,,,,,,,
Dublin,4,nessa childers,Nessa Childers,FALSE,IND,"46,531",running,3,88144,358943,352575,6368,820668,,,,,,,,,,,,,,,,,
Dublin,4,paul murphy,Paul Murphy,FALSE,SP,"41,373",eliminated,3,88144,358943,352575,6368,820668,,,,,,,,,,,,,,,,,
Dublin,4,emer costello,Emer Costello,FALSE,LAB,,eliminated,3,88144,358943,352575,6368,820668,,,,,,,,,,,,,,,,,
Dublin,4,brid smith,Bríd Smith,FALSE,PBP,,eliminated,3,88144,358943,352575,6368,820668,,,,,,,,,,,,,,,,,
Dublin,4,tom darcy,Tom D'Arcy,FALSE,IND,,eliminated,3,88144,358943,352575,6368,820668,,,,,,,,,,,,,,,,,
Dublin,4,raymond whitehead,Raymond Whitehead,FALSE,IND,,eliminated,3,88144,358943,352575,6368,820668,,,,,,,,,,,,,,,,,
Dublin,4,jim tallon,Jim Tallon,FALSE,IND,,eliminated,3,88144,358943,352575,6368,820668,,,,,,,,,,,,,,,,,
Dublin,4,damon wise,Damon Wise,FALSE,FS,,eliminated,3,88144,358943,352575,6368,820668,,,,,,,,,,,,,,,,,
Dublin,5,lynn boylan,Lynn Boylan,FALSE,SF,"89,764",elected,3,88144,358943,352575,6368,820668,,,,,,,,,,,,,,,,,
Dublin,5,brian hayes,Brian Hayes,FALSE,FG,"65,132",running,3,88144,358943,352575,6368,820668,,,,,,,,,,,,,,,,,
Dublin,5,mary fitzpatrick,Mary Fitzpatrick,FALSE,FF,"50,585",eliminated,3,88144,358943,352575,6368,820668,,,,,,,,,,,,,,,,,
Dublin,5,eamon ryan,Eamon Ryan,FALSE,GP,"59,803",running,3,88144,358943,352575,6368,820668,,,,,,,,,,,,,,,,,
Dublin,5,nessa childers,Nessa Childers,FALSE,IND,"59,955",running,3,88144,358943,352575,6368,820668,,,,,,,,,,,,,,,,,
Dublin,5,paul murphy,Paul Murphy,FALSE,SP,,eliminated,3,88144,358943,352575,6368,820668,,,,,,,,,,,,,,,,,
Dublin,5,emer costello,Emer Costello,FALSE,LAB,,eliminated,3,88144,358943,352575,6368,820668,,,,,,,,,,,,,,,,,
Dublin,5,brid smith,Bríd Smith,FALSE,PBP,,eliminated,3,88144,358943,352575,6368,820668,,,,,,,,,,,,,,,,,
Dublin,5,tom darcy,Tom D'Arcy,FALSE,IND,,eliminated,3,88144,358943,352575,6368,820668,,,,,,,,,,,,,,,,,
Dublin,5,raymond whitehead,Raymond Whitehead,FALSE,IND,,eliminated,3,88144,358943,352575,6368,820668,,,,,,,,,,,,,,,,,
Dublin,5,jim tallon,Jim Tallon,FALSE,IND,,eliminated,3,88144,358943,352575,6368,820668,,,,,,,,,,,,,,,,,
Dublin,5,damon wise,Damon Wise,FALSE,FS,,eliminated,3,88144,358943,352575,6368,820668,,,,,,,,,,,,,,,,,
Dublin,6,lynn boylan,Lynn Boylan,FALSE,SF,"89,764",elected,3,88144,358943,352575,6368,820668,,,,,,,,,,,,,,,,,
Dublin,6,brian hayes,Brian Hayes,FALSE,FG,"73,317",running,3,88144,358943,352575,6368,820668,,,,,,,,,,,,,,,,,
Dublin,6,mary fitzpatrick,Mary Fitzpatrick,FALSE,FF,,eliminated,3,88144,358943,352575,6368,820668,,,,,,,,,,,,,,,,,
Dublin,6,eamon ryan,Eamon Ryan,FALSE,GP,"71,909",running,3,88144,358943,352575,6368,820668,,,,,,,,,,,,,,,,,
Dublin,6,nessa childers,Nessa Childers,FALSE,IND,"72,413",running,3,88144,358943,352575,6368,820668,,,,,,,,,,,,,,,,,
Dublin,6,paul murphy,Paul Murphy,FALSE,SP,,eliminated,3,88144,358943,352575,6368,820668,,,,,,,,,,,,,,,,,
Dublin,6,emer costello,Emer Costello,FALSE,LAB,,eliminated,3,88144,358943,352575,6368,820668,,,,,,,,,,,,,,,,,
Dublin,6,brid smith,Bríd Smith,FALSE,PBP,,eliminated,3,88144,358943,352575,6368,820668,,,,,,,,,,,,,,,,,
Dublin,6,tom darcy,Tom D'Arcy,FALSE,IND,,eliminated,3,88144,358943,352575,6368,820668,,,,,,,,,,,,,,,,,
Dublin,6,raymond whitehead,Raymond Whitehead,FALSE,IND,,eliminated,3,88144,358943,352575,6368,820668,,,,,,,,,,,,,,,,,
Dublin,6,jim tallon,Jim Tallon,FALSE,IND,,eliminated,3,88144,358943,352575,6368,820668,,,,,,,,,,,,,,,,,
Dublin,6,damon wise,Damon Wise,FALSE,FS,,eliminated,3,88144,358943,352575,6368,820668,,,,,,,,,,,,,,,,,
Dublin,7,lynn boylan,Lynn Boylan,FALSE,SF,,elected,3,88144,358943,352575,6368,820668,,,,,,,,,,,,,,,,,
Dublin,7,brian hayes,Brian Hayes,FALSE,FG,"73,405",elected,3,88144,358943,352575,6368,820668,,,,,,,,,,,,,,,,,
Dublin,7,mary fitzpatrick,Mary Fitzpatrick,FALSE,FF,,eliminated,3,88144,358943,352575,6368,820668,,,,,,,,,,,,,,,,,
Dublin,7,eamon ryan,Eamon Ryan,FALSE,GP,"72,256",running,3,88144,358943,352575,6368,820668,,,,,,,,,,,,,,,,,
Dublin,7,nessa childers,Nessa Childers,FALSE,IND,"73,598",elected,3,88144,358943,352575,6368,820668,,,,,,,,,,,,,,,,,
Dublin,7,paul murphy,Paul Murphy,FALSE,SP,,eliminated,3,88144,358943,352575,6368,820668,,,,,,,,,,,,,,,,,
Dublin,7,emer costello,Emer Costello,FALSE,LAB,,eliminated,3,88144,358943,352575,6368,820668,,,,,,,,,,,,,,,,,
Dublin,7,brid smith,Bríd Smith,FALSE,PBP,,eliminated,3,88144,358943,352575,6368,820668,,,,,,,,,,,,,,,,,
Dublin,7,tom darcy,Tom D'Arcy,FALSE,IND,,eliminated,3,88144,358943,352575,6368,820668,,,,,,,,,,,,,,,,,
Dublin,7,raymond whitehead,Raymond Whitehead,FALSE,IND,,eliminated,3,88144,358943,352575,6368,820668,,,,,,,,,,,,,,,,,
Dublin,7,jim tallon,Jim Tallon,FALSE,IND,,eliminated,3,88144,358943,352575,6368,820668,,,,,,,,,,,,,,,,,
Dublin,7,damon wise,Damon Wise,FALSE,FS,,eliminated,3,88144,358943,352575,6368,820668,,,,,,,,,,,,,,,,,
Midlands-North-West,1,Lukeming Flanagan,Luke 'Ming' Flanagan,FALSE,IND,"124,063",running,4,129290,663703,646445,17258,1202997,,,,,,,,,,,,,,,,,
Midlands-North-West,1,matt carthy,Matt Carthy,FALSE,SF,"114,727",running,4,129290,663703,646445,17258,1202997,,,,,,,,,,,,,,,,,
Midlands-North-West,1,mairead mcguinness,Mairead McGuinness,TRUE,FG,"92,080",running,4,129290,663703,646445,17258,1202997,,,,,,,,,,,,,,,,,
Midlands-North-West,1,marian harkin,Marian Harkin,TRUE,IND,"68,986",running,4,129290,663703,646445,17258,1202997,,,,,,,,,,,,,,,,,
Midlands-North-West,1,patthecope gallagher,"Pat ""the Cope"" Gallagher",FALSE,FF,"59,562",running,4,129290,663703,646445,17258,1202997,,,,,,,,,,,,,,,,,
Midlands-North-West,1,thomas byrne,Thomas Byrne,FALSE,FF,"55,384",running,4,129290,663703,646445,17258,1202997,,,,,,,,,,,,,,,,,
Midlands-North-West,1,jim higgins,Jim Higgins,TRUE,FG,"39,908",running,4,129290,663703,646445,17258,1202997,,,,,,,,,,,,,,,,,
Midlands-North-West,1,ronan mullen,Rónán Mullen,FALSE,IND,"36,326",running,4,129290,663703,646445,17258,1202997,,,,,,,,,,,,,,,,,
Midlands-North-West,1,lorraine higgins,Lorraine Higgins,FALSE,LAB,"31,951",running,4,129290,663703,646445,17258,1202997,,,,,,,,,,,,,,,,,
Midlands-North-West,1,mark dearey,Mark Dearey,FALSE,GP,"9,520",eliminated,4,129290,663703,646445,17258,1202997,,,,,,,,,,,,,,,,,
Midlands-North-West,1,ben gilroy,Ben Gilroy,FALSE,IND,"7,683",eliminated,4,129290,663703,646445,17258,1202997,,,,,,,,,,,,,,,,,
Midlands-North-West,1,mark fitzsimons,Mark Fitzsimons,FALSE,IND,"2,424",eliminated,4,129290,663703,646445,17258,1202997,,,,,,,,,,,,,,,,,
Midlands-North-West,1,tj fay,T.J. Fay,FALSE,IND,"2,002",eliminated,4,129290,663703,646445,17258,1202997,,,,,,,,,,,,,,,,,
Midlands-North-West,1,cordelia nicfhearraigh,Cordelia Níc Fhearraigh,FALSE,FS,"1,829",eliminated,4,129290,663703,646445,17258,1202997,,,,,,,,,,,,,,,,,
Midlands-North-West,2,Lukeming Flanagan,Luke 'Ming' Flanagan,FALSE,IND,"129,561",elected,4,129290,663703,646445,17258,1202997,,,,,,,,,,,,,,,,,
Midlands-North-West,2,matt carthy,Matt Carthy,FALSE,SF,"117,670",running,4,129290,663703,646445,17258,1202997,,,,,,,,,,,,,,,,,
Midlands-North-West,2,mairead mcguinness,Mairead McGuinness,TRUE,FG,"94,019",running,4,129290,663703,646445,17258,1202997,,,,,,,,,,,,,,,,,
Midlands-North-West,2,marian harkin,Marian Harkin,TRUE,IND,"72,045",running,4,129290,663703,646445,17258,1202997,,,,,,,,,,,,,,,,,
Midlands-North-West,2,patthecope gallagher,"Pat ""the Cope"" Gallagher",FALSE,FF,"60,466",running,4,129290,663703,646445,17258,1202997,,,,,,,,,,,,,,,,,
Midlands-North-West,2,thomas byrne,Thomas Byrne,FALSE,FF,"56,528",running,4,129290,663703,646445,17258,1202997,,,,,,,,,,,,,,,,,
Midlands-North-West,2,jim higgins,Jim Higgins,TRUE,FG,"40,462",running,4,129290,663703,646445,17258,1202997,,,,,,,,,,,,,,,,,
Midlands-North-West,2,ronan mullen,Rónán Mullen,FALSE,IND,"38,260",running,4,129290,663703,646445,17258,1202997,,,,,,,,,,,,,,,,,
Midlands-North-West,2,lorraine higgins,Lorraine Higgins,FALSE,LAB,"33,744",eliminated,4,129290,663703,646445,17258,1202997,,,,,,,,,,,,,,,,,
Midlands-North-West,2,mark dearey,Mark Dearey,FALSE,GP,,eliminated,4,129290,663703,646445,17258,1202997,,,,,,,,,,,,,,,,,
Midlands-North-West,2,ben gilroy,Ben Gilroy,FALSE,IND,,eliminated,4,129290,663703,646445,17258,1202997,,,,,,,,,,,,,,,,,
Midlands-North-West,2,mark fitzsimons,Mark Fitzsimons,FALSE,IND,,eliminated,4,129290,663703,646445,17258,1202997,,,,,,,,,,,,,,,,,
Midlands-North-West,2,tj fay,T.J. Fay,FALSE,IND,,eliminated,4,129290,663703,646445,17258,1202997,,,,,,,,,,,,,,,,,
Midlands-North-West,2,cordelia nicfhearraigh,Cordelia Níc Fhearraigh,FALSE,FS,,eliminated,4,129290,663703,646445,17258,1202997,,,,,,,,,,,,,,,,,
Midlands-North-West,3,Lukeming Flanagan,Luke 'Ming' Flanagan,FALSE,IND,"129,561",elected,4,129290,663703,646445,17258,1202997,,,,,,,,,,,,,,,,,
Midlands-North-West,3,matt carthy,Matt Carthy,FALSE,SF,"120,723",running,4,129290,663703,646445,17258,1202997,,,,,,,,,,,,,,,,,
Midlands-North-West,3,mairead mcguinness,Mairead McGuinness,TRUE,FG,"102,025",running,4,129290,663703,646445,17258,1202997,,,,,,,,,,,,,,,,,
Midlands-North-West,3,marian harkin,Marian Harkin,TRUE,IND,"77,798",running,4,129290,663703,646445,17258,1202997,,,,,,,,,,,,,,,,,
Midlands-North-West,3,patthecope gallagher,"Pat ""the Cope"" Gallagher",FALSE,FF,"62,071",running,4,129290,663703,646445,17258,1202997,,,,,,,,,,,,,,,,,
Midlands-North-West,3,thomas byrne,Thomas Byrne,FALSE,FF,"58,505",running,4,129290,663703,646445,17258,1202997,,,,,,,,,,,,,,,,,
Midlands-North-West,3,jim higgins,Jim Higgins,TRUE,FG,"43,292",running,4,129290,663703,646445,17258,1202997,,,,,,,,,,,,,,,,,
Midlands-North-West,3,ronan mullen,Rónán Mullen,FALSE,IND,"41,164",eliminated,4,129290,663703,646445,17258,1202997,,,,,,,,,,,,,,,,,
Midlands-North-West,3,lorraine higgins,Lorraine Higgins,FALSE,LAB,,eliminated,4,129290,663703,646445,17258,1202997,,,,,,,,,,,,,,,,,
Midlands-North-West,3,mark dearey,Mark Dearey,FALSE,GP,,eliminated,4,129290,663703,646445,17258,1202997,,,,,,,,,,,,,,,,,
Midlands-North-West,3,ben gilroy,Ben Gilroy,FALSE,IND,,eliminated,4,129290,663703,646445,17258,1202997,,,,,,,,,,,,,,,,,
Midlands-North-West,3,mark fitzsimons,Mark Fitzsimons,FALSE,IND,,eliminated,4,129290,663703,646445,17258,1202997,,,,,,,,,,,,,,,,,
Midlands-North-West,3,tj fay,T.J. Fay,FALSE,IND,,eliminated,4,129290,663703,646445,17258,1202997,,,,,,,,,,,,,,,,,
Midlands-North-West,3,cordelia nicfhearraigh,Cordelia Níc Fhearraigh,FALSE,FS,,eliminated,4,129290,663703,646445,17258,1202997,,,,,,,,,,,,,,,,,
Midlands-North-West,4,Lukeming Flanagan,Luke 'Ming' Flanagan,FALSE,IND,"129,561",elected,4,129290,663703,646445,17258,1202997,,,,,,,,,,,,,,,,,
Midlands-North-West,4,matt carthy,Matt Carthy,FALSE,SF,"124,976",running,4,129290,663703,646445,17258,1202997,,,,,,,,,,,,,,,,,
Midlands-North-West,4,mairead mcguinness,Mairead McGuinness,TRUE,FG,"107,689",running,4,129290,663703,646445,17258,1202997,,,,,,,,,,,,,,,,,
Midlands-North-West,4,marian harkin,Marian Harkin,TRUE,IND,"89,611",running,4,129290,663703,646445,17258,1202997,,,,,,,,,,,,,,,,,
Midlands-North-West,4,patthecope gallagher,"Pat ""the Cope"" Gallagher",FALSE,FF,"65,725",running,4,129290,663703,646445,17258,1202997,,,,,,,,,,,,,,,,,
Midlands-North-West,4,thomas byrne,Thomas Byrne,FALSE,FF,"62,335",running,4,129290,663703,646445,17258,1202997,,,,,,,,,,,,,,,,,
Midlands-North-West,4,jim higgins,Jim Higgins,TRUE,FG,"45,060",eliminated,4,129290,663703,646445,17258,1202997,,,,,,,,,,,,,,,,,
Midlands-North-West,4,ronan mullen,Rónán Mullen,FALSE,IND,,eliminated,4,129290,663703,646445,17258,1202997,,,,,,,,,,,,,,,,,
Midlands-North-West,4,lorraine higgins,Lorraine Higgins,FALSE,LAB,,eliminated,4,129290,663703,646445,17258,1202997,,,,,,,,,,,,,,,,,
Midlands-North-West,4,mark dearey,Mark Dearey,FALSE,GP,,eliminated,4,129290,663703,646445,17258,1202997,,,,,,,,,,,,,,,,,
Midlands-North-West,4,ben gilroy,Ben Gilroy,FALSE,IND,,eliminated,4,129290,663703,646445,17258,1202997,,,,,,,,,,,,,,,,,
Midlands-North-West,4,mark fitzsimons,Mark Fitzsimons,FALSE,IND,,eliminated,4,129290,663703,646445,17258,1202997,,,,,,,,,,,,,,,,,
Midlands-North-West,4,tj fay,T.J. Fay,FALSE,IND,,eliminated,4,129290,663703,646445,17258,1202997,,,,,,,,,,,,,,,,,
Midlands-North-West,4,cordelia nicfhearraigh,Cordelia Níc Fhearraigh,FALSE,FS,,eliminated,4,129290,663703,646445,17258,1202997,,,,,,,,,,,,,,,,,
Midlands-North-West,5,Lukeming Flanagan,Luke 'Ming' Flanagan,FALSE,IND,"129,561",elected,4,129290,663703,646445,17258,1202997,,,,,,,,,,,,,,,,,
Midlands-North-West,5,matt carthy,Matt Carthy,FALSE,SF,"126,492",running,4,129290,663703,646445,17258,1202997,,,,,,,,,,,,,,,,,
Midlands-North-West,5,mairead mcguinness,Mairead McGuinness,TRUE,FG,"135,698",elected,4,129290,663703,646445,17258,1202997,,,,,,,,,,,,,,,,,
Midlands-North-West,5,marian harkin,Marian Harkin,TRUE,IND,"95,577",running,4,129290,663703,646445,17258,1202997,,,,,,,,,,,,,,,,,
Midlands-North-West,5,patthecope gallagher,"Pat ""the Cope"" Gallagher",FALSE,FF,"67,606",running,4,129290,663703,646445,17258,1202997,,,,,,,,,,,,,,,,,
Midlands-North-West,5,thomas byrne,Thomas Byrne,FALSE,FF,"63,392",running,4,129290,663703,646445,17258,1202997,,,,,,,,,,,,,,,,,
Midlands-North-West,5,jim higgins,Jim Higgins,TRUE,FG,,eliminated,4,129290,663703,646445,17258,1202997,,,,,,,,,,,,,,,,,
Midlands-North-West,5,ronan mullen,Rónán Mullen,FALSE,IND,,eliminated,4,129290,663703,646445,17258,1202997,,,,,,,,,,,,,,,,,
Midlands-North-West,5,lorraine higgins,Lorraine Higgins,FALSE,LAB,,eliminated,4,129290,663703,646445,17258,1202997,,,,,,,,,,,,,,,,,
Midlands-North-West,5,mark dearey,Mark Dearey,FALSE,GP,,eliminated,4,129290,663703,646445,17258,1202997,,,,,,,,,,,,,,,,,
Midlands-North-West,5,ben gilroy,Ben Gilroy,FALSE,IND,,eliminated,4,129290,663703,646445,17258,1202997,,,,,,,,,,,,,,,,,
Midlands-North-West,5,mark fitzsimons,Mark Fitzsimons,FALSE,IND,,eliminated,4,129290,663703,646445,17258,1202997,,,,,,,,,,,,,,,,,
Midlands-North-West,5,tj fay,T.J. Fay,FALSE,IND,,eliminated,4,129290,663703,646445,17258,1202997,,,,,,,,,,,,,,,,,
Midlands-North-West,5,cordelia nicfhearraigh,Cordelia Níc Fhearraigh,FALSE,FS,,eliminated,4,129290,663703,646445,17258,1202997,,,,,,,,,,,,,,,,,
Midlands-North-West,6,Lukeming Flanagan,Luke 'Ming' Flanagan,FALSE,IND,"129,561",elected,4,129290,663703,646445,17258,1202997,,,,,,,,,,,,,,,,,
Midlands-North-West,6,matt carthy,Matt Carthy,FALSE,SF,"127,135",running,4,129290,663703,646445,17258,1202997,,,,,,,,,,,,,,,,,
Midlands-North-West,6,mairead mcguinness,Mairead McGuinness,TRUE,FG,,elected,4,129290,663703,646445,17258,1202997,,,,,,,,,,,,,,,,,
Midlands-North-West,6,marian harkin,Marian Harkin,TRUE,IND,"99,843",running,4,129290,663703,646445,17258,1202997,,,,,,,,,,,,,,,,,
Midlands-North-West,6,patthecope gallagher,"Pat ""the Cope"" Gallagher",FALSE,FF,"68,440",running,4,129290,663703,646445,17258,1202997,,,,,,,,,,,,,,,,,
Midlands-North-West,6,thomas byrne,Thomas Byrne,FALSE,FF,"64,057",eliminated,4,129290,663703,646445,17258,1202997,,,,,,,,,,,,,,,,,
Midlands-North-West,6,jim higgins,Jim Higgins,TRUE,FG,,eliminated,4,129290,663703,646445,17258,1202997,,,,,,,,,,,,,,,,,
Midlands-North-West,6,ronan mullen,Rónán Mullen,FALSE,IND,,eliminated,4,129290,663703,646445,17258,1202997,,,,,,,,,,,,,,,,,
Midlands-North-West,6,lorraine higgins,Lorraine Higgins,FALSE,LAB,,eliminated,4,129290,663703,646445,17258,1202997,,,,,,,,,,,,,,,,,
Midlands-North-West,6,mark dearey,Mark Dearey,FALSE,GP,,eliminated,4,129290,663703,646445,17258,1202997,,,,,,,,,,,,,,,,,
Midlands-North-West,6,ben gilroy,Ben Gilroy,FALSE,IND,,eliminated,4,129290,663703,646445,17258,1202997,,,,,,,,,,,,,,,,,
Midlands-North-West,6,mark fitzsimons,Mark Fitzsimons,FALSE,IND,,eliminated,4,129290,663703,646445,17258,1202997,,,,,,,,,,,,,,,,,
Midlands-North-West,6,tj fay,T.J. Fay,FALSE,IND,,eliminated,4,129290,663703,646445,17258,1202997,,,,,,,,,,,,,,,,,
Midlands-North-West,6,cordelia nicfhearraigh,Cordelia Níc Fhearraigh,FALSE,FS,,eliminated,4,129290,663703,646445,17258,1202997,,,,,,,,,,,,,,,,,
Midlands-North-West,7,Lukeming Flanagan,Luke 'Ming' Flanagan,FALSE,IND,"129,561",elected,4,129290,663703,646445,17258,1202997,,,,,,,,,,,,,,,,,
Midlands-North-West,7,matt carthy,Matt Carthy,FALSE,SF,"135,046",elected,4,129290,663703,646445,17258,1202997,,,,,,,,,,,,,,,,,
Midlands-North-West,7,mairead mcguinness,Mairead McGuinness,TRUE,FG,,elected,4,129290,663703,646445,17258,1202997,,,,,,,,,,,,,,,,,
Midlands-North-West,7,marian harkin,Marian Harkin,TRUE,IND,"105,501",running,4,129290,663703,646445,17258,1202997,,,,,,,,,,,,,,,,,
Midlands-North-West,7,patthecope gallagher,"Pat ""the Cope"" Gallagher",FALSE,FF,"102,915",running,4,129290,663703,646445,17258,1202997,,,,,,,,,,,,,,,,,
Midlands-North-West,7,thomas byrne,Thomas Byrne,FALSE,FF,,eliminated,4,129290,663703,646445,17258,1202997,,,,,,,,,,,,,,,,,
Midlands-North-West,7,jim higgins,Jim Higgins,TRUE,FG,,eliminated,4,129290,663703,646445,17258,1202997,,,,,,,,,,,,,,,,,
Midlands-North-West,7,ronan mullen,Rónán Mullen,FALSE,IND,,eliminated,4,129290,663703,646445,17258,1202997,,,,,,,,,,,,,,,,,
Midlands-North-West,7,lorraine higgins,Lorraine Higgins,FALSE,LAB,,eliminated,4,129290,663703,646445,17258,1202997,,,,,,,,,,,,,,,,,
Midlands-North-West,7,mark dearey,Mark Dearey,FALSE,GP,,eliminated,4,129290,663703,646445,17258,1202997,,,,,,,,,,,,,,,,,
Midlands-North-West,7,ben gilroy,Ben Gilroy,FALSE,IND,,eliminated,4,129290,663703,646445,17258,1202997,,,,,,,,,,,,,,,,,
Midlands-North-West,7,mark fitzsimons,Mark Fitzsimons,FALSE,IND,,eliminated,4,129290,663703,646445,17258,1202997,,,,,,,,,,,,,,,,,
Midlands-North-West,7,tj fay,T.J. Fay,FALSE,IND,,eliminated,4,129290,663703,646445,17258,1202997,,,,,,,,,,,,,,,,,
Midlands-North-West,7,cordelia nicfhearraigh,Cordelia Níc Fhearraigh,FALSE,FS,,eliminated,4,129290,663703,646445,17258,1202997,,,,,,,,,,,,,,,,,
Midlands-North-West,8,Lukeming Flanagan,Luke 'Ming' Flanagan,FALSE,IND,,elected,4,129290,663703,646445,17258,1202997,,,,,,,,,,,,,,,,,
Midlands-North-West,8,matt carthy,Matt Carthy,FALSE,SF,,elected,4,129290,663703,646445,17258,1202997,,,,,,,,,,,,,,,,,
Midlands-North-West,8,mairead mcguinness,Mairead McGuinness,TRUE,FG,,elected,4,129290,663703,646445,17258,1202997,,,,,,,,,,,,,,,,,
Midlands-North-West,8,marian harkin,Marian Harkin,TRUE,IND,"106,520",elected,4,129290,663703,646445,17258,1202997,,,,,,,,,,,,,,,,,
Midlands-North-West,8,patthecope gallagher,"Pat ""the Cope"" Gallagher",FALSE,FF,"106,245",running,4,129290,663703,646445,17258,1202997,,,,,,,,,,,,,,,,,
Midlands-North-West,8,thomas byrne,Thomas Byrne,FALSE,FF,,eliminated,4,129290,663703,646445,17258,1202997,,,,,,,,,,,,,,,,,
Midlands-North-West,8,jim higgins,Jim Higgins,TRUE,FG,,eliminated,4,129290,663703,646445,17258,1202997,,,,,,,,,,,,,,,,,
Midlands-North-West,8,ronan mullen,Rónán Mullen,FALSE,IND,,eliminated,4,129290,663703,646445,17258,1202997,,,,,,,,,,,,,,,,,
Midlands-North-West,8,lorraine higgins,Lorraine Higgins,FALSE,LAB,,eliminated,4,129290,663703,646445,17258,1202997,,,,,,,,,,,,,,,,,
Midlands-North-West,8,mark dearey,Mark Dearey,FALSE,GP,,eliminated,4,129290,663703,646445,17258,1202997,,,,,,,,,,,,,,,,,
Midlands-North-West,8,ben gilroy,Ben Gilroy,FALSE,IND,,eliminated,4,129290,663703,646445,17258,1202997,,,,,,,,,,,,,,,,,
Midlands-North-West,8,mark fitzsimons,Mark Fitzsimons,FALSE,IND,,eliminated,4,129290,663703,646445,17258,1202997,,,,,,,,,,,,,,,,,
Midlands-North-West,8,tj fay,T.J. Fay,FALSE,IND,,eliminated,4,129290,663703,646445,17258,1202997,,,,,,,,,,,,,,,,,
Midlands-North-West,8,cordelia nicfhearraigh,Cordelia Níc Fhearraigh,FALSE,FS,,eliminated,4,129290,663703,646445,17258,1202997,,,,,,,,,,,,,,,,,
Northern Ireland,1,martina anderson,Martina Anderson,FALSE,SF,"159,813",elected,3,156532,635927,626125,9968,1226771,,,,,,,,,,,,,,,,,
Northern Ireland,1,diane dodds,Diane Dodds,TRUE,DUP,"131,163",running,3,156532,635927,626125,9968,1226771,,,,,,,,,,,,,,,,,
Northern Ireland,1,jim nicholson,Jim Nicholson,TRUE,UUP,"83,438",running,3,156532,635927,626125,9968,1226771,,,,,,,,,,,,,,,,,
Northern Ireland,1,alex attwood,Alex Attwood,FALSE,SDLP,"81,594",running,3,156532,635927,626125,9968,1226771,,,,,,,,,,,,,,,,,
Northern Ireland,1,jim allister,Jim Allister,FALSE,TUV,"75,806",running,3,156532,635927,626125,9968,1226771,,,,,,,,,,,,,,,,,
Northern Ireland,1,anna lo,Anna Lo,FALSE,AP,"44,432",running,3,156532,635927,626125,9968,1226771,,,,,,,,,,,,,,,,,
Northern Ireland,1,henry reilly,Henry Reilly,FALSE,UKIP,"24,584",running,3,156532,635927,626125,9968,1226771,,,,,,,,,,,,,,,,,
Northern Ireland,1,ross brown,Ross Brown,FALSE,GP,"10,598",running,3,156532,635927,626125,9968,1226771,,,,,,,,,,,,,,,,,
Northern Ireland,1,tina mckenzie,Tina McKenzie,FALSE,NI21,"10,553",running,3,156532,635927,626125,9968,1226771,,,,,,,,,,,,,,,,,
Northern Ireland,1,mark brotherston,Mark Brotherston,FALSE,CON,"4,144",eliminated,3,156532,635927,626125,9968,1226771,,,,,,,,,,,,,,,,,
Northern Ireland,2,martina anderson,Martina Anderson,FALSE,SF,"159,813",elected,3,156532,635927,626125,9968,1226771,,,,,,,,,,,,,,,,,
Northern Ireland,2,diane dodds,Diane Dodds,TRUE,DUP,"131,831",running,3,156532,635927,626125,9968,1226771,,,,,,,,,,,,,,,,,
Northern Ireland,2,jim nicholson,Jim Nicholson,TRUE,UUP,"84,418",running,3,156532,635927,626125,9968,1226771,,,,,,,,,,,,,,,,,
Northern Ireland,2,alex attwood,Alex Attwood,FALSE,SDLP,"81,790",running,3,156532,635927,626125,9968,1226771,,,,,,,,,,,,,,,,,
Northern Ireland,2,jim allister,Jim Allister,FALSE,TUV,"76,182",running,3,156532,635927,626125,9968,1226771,,,,,,,,,,,,,,,,,
Northern Ireland,2,anna lo,Anna Lo,FALSE,AP,"44,978",running,3,156532,635927,626125,9968,1226771,,,,,,,,,,,,,,,,,
Northern Ireland,2,henry reilly,Henry Reilly,FALSE,UKIP,"24,914",running,3,156532,635927,626125,9968,1226771,,,,,,,,,,,,,,,,,
Northern Ireland,2,ross brown,Ross Brown,FALSE,GP,"10,923",running,3,156532,635927,626125,9968,1226771,,,,,,,,,,,,,,,,,
Northern Ireland,2,tina mckenzie,Tina McKenzie,FALSE,NI21,"10,823",running,3,156532,635927,626125,9968,1226771,,,,,,,,,,,,,,,,,
Northern Ireland,2,mark brotherston,Mark Brotherston,FALSE,CON,,eliminated,3,156532,635927,626125,9968,1226771,,,,,,,,,,,,,,,,,
Northern Ireland,3,martina anderson,Martina Anderson,FALSE,SF,,elected,3,156532,635927,626125,9968,1226771,,,,,,,,,,,,,,,,,
Northern Ireland,3,diane dodds,Diane Dodds,TRUE,DUP,"131,845",running,3,156532,635927,626125,9968,1226771,,,,,,,,,,,,,,,,,
Northern Ireland,3,jim nicholson,Jim Nicholson,TRUE,UUP,"84,426",running,3,156532,635927,626125,9968,1226771,,,,,,,,,,,,,,,,,
Northern Ireland,3,alex attwood,Alex Attwood,FALSE,SDLP,"83,845",running,3,156532,635927,626125,9968,1226771,,,,,,,,,,,,,,,,,
Northern Ireland,3,jim allister,Jim Allister,FALSE,TUV,"76,195",running,3,156532,635927,626125,9968,1226771,,,,,,,,,,,,,,,,,
Northern Ireland,3,anna lo,Anna Lo,FALSE,AP,"45,292",running,3,156532,635927,626125,9968,1226771,,,,,,,,,,,,,,,,,
Northern Ireland,3,henry reilly,Henry Reilly,FALSE,UKIP,"24,945",running,3,156532,635927,626125,9968,1226771,,,,,,,,,,,,,,,,,
Northern Ireland,3,ross brown,Ross Brown,FALSE,GP,"11,038",eliminated,3,156532,635927,626125,9968,1226771,,,,,,,,,,,,,,,,,
Northern Ireland,3,tina mckenzie,Tina McKenzie,FALSE,NI21,"10,862",eliminated,3,156532,635927,626125,9968,1226771,,,,,,,,,,,,,,,,,
Northern Ireland,3,mark brotherston,Mark Brotherston,FALSE,CON,,eliminated,3,156532,635927,626125,9968,1226771,,,,,,,,,,,,,,,,,
Northern Ireland,4,martina anderson,Martina Anderson,FALSE,SF,,elected,3,156532,635927,626125,9968,1226771,,,,,,,,,,,,,,,,,
Northern Ireland,4,diane dodds,Diane Dodds,TRUE,DUP,"133,465",running,3,156532,635927,626125,9968,1226771,,,,,,,,,,,,,,,,,
Northern Ireland,4,jim nicholson,Jim Nicholson,TRUE,UUP,"86,672",running,3,156532,635927,626125,9968,1226771,,,,,,,,,,,,,,,,,
Northern Ireland,4,alex attwood,Alex Attwood,FALSE,SDLP,"87,028",running,3,156532,635927,626125,9968,1226771,,,,,,,,,,,,,,,,,
Northern Ireland,4,jim allister,Jim Allister,FALSE,TUV,"77,065",running,3,156532,635927,626125,9968,1226771,,,,,,,,,,,,,,,,,
Northern Ireland,4,anna lo,Anna Lo,FALSE,AP,"53,953",running,3,156532,635927,626125,9968,1226771,,,,,,,,,,,,,,,,,
Northern Ireland,4,henry reilly,Henry Reilly,FALSE,UKIP,"26,017",eliminated,3,156532,635927,626125,9968,1226771,,,,,,,,,,,,,,,,,
Northern Ireland,4,ross brown,Ross Brown,FALSE,GP,,eliminated,3,156532,635927,626125,9968,1226771,,,,,,,,,,,,,,,,,
Northern Ireland,4,tina mckenzie,Tina McKenzie,FALSE,NI21,,eliminated,3,156532,635927,626125,9968,1226771,,,,,,,,,,,,,,,,,
Northern Ireland,4,mark brotherston,Mark Brotherston,FALSE,CON,,eliminated,3,156532,635927,626125,9968,1226771,,,,,,,,,,,,,,,,,
Northern Ireland,5,martina anderson,Martina Anderson,FALSE,SF,,elected,3,156532,635927,626125,9968,1226771,,,,,,,,,,,,,,,,,
Northern Ireland,5,diane dodds,Diane Dodds,TRUE,DUP,"139,791",running,3,156532,635927,626125,9968,1226771,,,,,,,,,,,,,,,,,
Northern Ireland,5,jim nicholson,Jim Nicholson,TRUE,UUP,"92,301",running,3,156532,635927,626125,9968,1226771,,,,,,,,,,,,,,,,,
Northern Ireland,5,alex attwood,Alex Attwood,FALSE,SDLP,"88,147",running,3,156532,635927,626125,9968,1226771,,,,,,,,,,,,,,,,,
Northern Ireland,5,jim allister,Jim Allister,FALSE,TUV,"84,438",running,3,156532,635927,626125,9968,1226771,,,,,,,,,,,,,,,,,
Northern Ireland,5,anna lo,Anna Lo,FALSE,AP,"55,347",eliminated,3,156532,635927,626125,9968,1226771,,,,,,,,,,,,,,,,,
Northern Ireland,5,henry reilly,Henry Reilly,FALSE,UKIP,,eliminated,3,156532,635927,626125,9968,1226771,,,,,,,,,,,,,,,,,
Northern Ireland,5,ross brown,Ross Brown,FALSE,GP,,eliminated,3,156532,635927,626125,9968,1226771,,,,,,,,,,,,,,,,,
Northern Ireland,5,tina mckenzie,Tina McKenzie,FALSE,NI21,,eliminated,3,156532,635927,626125,9968,1226771,,,,,,,,,,,,,,,,,
Northern Ireland,5,mark brotherston,Mark Brotherston,FALSE,CON,,eliminated,3,156532,635927,626125,9968,1226771,,,,,,,,,,,,,,,,,
Northern Ireland,6,martina anderson,Martina Anderson,FALSE,SF,,elected,3,156532,635927,626125,9968,1226771,,,,,,,,,,,,,,,,,
Northern Ireland,6,diane dodds,Diane Dodds,TRUE,DUP,"143,009",running,3,156532,635927,626125,9968,1226771,,,,,,,,,,,,,,,,,
Northern Ireland,6,jim nicholson,Jim Nicholson,TRUE,UUP,"99,260",running,3,156532,635927,626125,9968,1226771,,,,,,,,,,,,,,,,,
Northern Ireland,6,alex attwood,Alex Attwood,FALSE,SDLP,"112,822",running,3,156532,635927,626125,9968,1226771,,,,,,,,,,,,,,,,,
Northern Ireland,6,jim allister,Jim Allister,FALSE,TUV,"86,020",eliminated,3,156532,635927,626125,9968,1226771,,,,,,,,,,,,,,,,,
Northern Ireland,6,anna lo,Anna Lo,FALSE,AP,,eliminated,3,156532,635927,626125,9968,1226771,,,,,,,,,,,,,,,,,
Northern Ireland,6,henry reilly,Henry Reilly,FALSE,UKIP,,eliminated,3,156532,635927,626125,9968,1226771,,,,,,,,,,,,,,,,,
Northern Ireland,6,ross brown,Ross Brown,FALSE,GP,,eliminated,3,156532,635927,626125,9968,1226771,,,,,,,,,,,,,,,,,
Northern Ireland,6,tina mckenzie,Tina McKenzie,FALSE,NI21,,eliminated,3,156532,635927,626125,9968,1226771,,,,,,,,,,,,,,,,,
Northern Ireland,6,mark brotherston,Mark Brotherston,FALSE,CON,,eliminated,3,156532,635927,626125,9968,1226771,,,,,,,,,,,,,,,,,
Northern Ireland,7,martina anderson,Martina Anderson,FALSE,SF,,elected,3,156532,635927,626125,9968,1226771,,,,,,,,,,,,,,,,,
Northern Ireland,7,diane dodds,Diane Dodds,TRUE,DUP,"179,302",elected,3,156532,635927,626125,9968,1226771,,,,,,,,,,,,,,,,,
Northern Ireland,7,jim nicholson,Jim Nicholson,TRUE,UUP,"135,993",running,3,156532,635927,626125,9968,1226771,,,,,,,,,,,,,,,,,
Northern Ireland,7,alex attwood,Alex Attwood,FALSE,SDLP,"114,981",running,3,156532,635927,626125,9968,1226771,,,,,,,,,,,,,,,,,
Northern Ireland,7,jim allister,Jim Allister,FALSE,TUV,,eliminated,3,156532,635927,626125,9968,1226771,,,,,,,,,,,,,,,,,
Northern Ireland,7,anna lo,Anna Lo,FALSE,AP,,eliminated,3,156532,635927,626125,9968,1226771,,,,,,,,,,,,,,,,,
Northern Ireland,7,henry reilly,Henry Reilly,FALSE,UKIP,,eliminated,3,156532,635927,626125,9968,1226771,,,,,,,,,,,,,,,,,
Northern Ireland,7,ross brown,Ross Brown,FALSE,GP,,eliminated,3,156532,635927,626125,9968,1226771,,,,,,,,,,,,,,,,,
Northern Ireland,7,tina mckenzie,Tina McKenzie,FALSE,NI21,,eliminated,3,156532,635927,626125,9968,1226771,,,,,,,,,,,,,,,,,
Northern Ireland,7,mark brotherston,Mark Brotherston,FALSE,CON,,eliminated,3,156532,635927,626125,9968,1226771,,,,,,,,,,,,,,,,,
Northern Ireland,8,martina anderson,Martina Anderson,FALSE,SF,,elected,3,156532,635927,626125,9968,1226771,,,,,,,,,,,,,,,,,
Northern Ireland,8,diane dodds,Diane Dodds,TRUE,DUP,,elected,3,156532,635927,626125,9968,1226771,,,,,,,,,,,,,,,,,
Northern Ireland,8,jim nicholson,Jim Nicholson,TRUE,UUP,"158,212",elected,3,156532,635927,626125,9968,1226771,,,,,,,,,,,,,,,,,
Northern Ireland,8,alex attwood,Alex Attwood,FALSE,SDLP,"115,273",running,3,156532,635927,626125,9968,1226771,,,,,,,,,,,,,,,,,
Northern Ireland,8,jim allister,Jim Allister,FALSE,TUV,,eliminated,3,156532,635927,626125,9968,1226771,,,,,,,,,,,,,,,,,
Northern Ireland,8,anna lo,Anna Lo,FALSE,AP,,eliminated,3,156532,635927,626125,9968,1226771,,,,,,,,,,,,,,,,,
Northern Ireland,8,henry reilly,Henry Reilly,FALSE,UKIP,,eliminated,3,156532,635927,626125,9968,1226771,,,,,,,,,,,,,,,,,
Northern Ireland,8,ross brown,Ross Brown,FALSE,GP,,eliminated,3,156532,635927,626125,9968,1226771,,,,,,,,,,,,,,,,,
Northern Ireland,8,tina mckenzie,Tina McKenzie,FALSE,NI21,,eliminated,3,156532,635927,626125,9968,1226771,,Party,,Candidate,FPv%,Count,,,,,,,,,,,
Northern Ireland,8,mark brotherston,Mark Brotherston,FALSE,CON,,eliminated,3,156532,635927,626125,9968,1226771,,,,,,1,2,3,4,5,6,7,8,9,10,11,12
South,1,brian crowley,Brian Crowley,TRUE,FF,"180,329",elected,4,131500,679296,657498,21798,1221683,,,Fianna Fáil,Brian Crowley[*],27.4,"180,329",,,,,,,,,,,
South,1,liadh niriada,Liadh Ní Riada,FALSE,SF,"125,309",running,4,131500,679296,657498,21798,1221683,,,Sinn Féin,Liadh Ní Riada,19.1,"125,309","129,957","130,840","132,590",,,,,,,,
South,1,sean kelly,Seán Kelly,TRUE,FG,"83,520",running,4,131500,679296,657498,21798,1221683,,,Fine Gael,Seán Kelly[*],12.7,"83,520","92,042","92,355","92,758","93,106","94,266","95,683","95,736","98,646","106,068","113,311","121,566"
South,1,simon harris,Simon Harris,FALSE,FG,"51,483",running,4,131500,679296,657498,21798,1221683,,,Fine Gael,Simon Harris,7.8,"51,483","53,912","54,161","54,511","55,273","56,050","56,691","56,738","59,056","63,536","66,061","70,808"
South,1,deirdre clune,Deirdre Clune,FALSE,FG,"47,453",running,4,131500,679296,657498,21798,1221683,,,Fine Gael,Deirdre Clune,7.2,"47,453","51,850","52,097","52,295","52,798","54,081","55,293","55,340","58,311","64,889","69,009","74,370"
South,1,diarmuid oflynn,Diarmuid O'Flynn,FALSE,IND,"30,323",running,4,131500,679296,657498,21798,1221683,,,Independent,Diarmuid O'Flynn,4.6,"30,323","31,649","33,311","34,840","36,198","38,960","43,628","44,023","48,125","51,387",,
South,1,phil prendergast,Phil Prendergast,TRUE,LAB,"30,317",running,4,131500,679296,657498,21798,1221683,,,Labour,Phil Prendergast[†],4.6,"30,317","32,360","32,664","33,147","33,560","34,150","34,874","34,939","42,213",,,
South,1,kieran hartley,Kieran Hartley,FALSE,FF,"29,987",running,4,131500,679296,657498,21798,1221683,,,Fianna Fáil,Kieran Hartley,4.6,"29,987","50,349","50,653","50,953","51,475","52,481","54,475","54,559","56,746","59,722","64,357",
South,1,grace osullivan,Grace O'Sullivan,FALSE,GP,"27,860",running,4,131500,679296,657498,21798,1221683,,,Green,Grace O'Sullivan,4.2,"27,860","29,360","29,999","31,075","31,962","32,829","34,443","34,607",,,,
South,1,theresa heaney,Theresa Heaney,FALSE,IND,"13,569",running,4,131500,679296,657498,21798,1221683,,,Catholic Democrats,Theresa Heaney,2.1,"13,569","14,677","15,159","15,655","17,016","19,114",,,,,,
South,1,richard cahill,Richard Cahill,FALSE,IND,"10,719",running,4,131500,679296,657498,21798,1221683,,,Independent,Richard Cahill,1.6,"10,719","11,661","12,408","13,152","15,310",,,,,,,
South,1,jan vandeven,Jan van de Ven,FALSE,IND,"9,255",running,4,131500,679296,657498,21798,1221683,,,Direct Democracy,Jan van de Ven,1.4,"9,255","9,586","10,125",,,,,,,,,
South,1,jilian godsil,Jilian Godsil,FALSE,IND,"9,179",running,4,131500,679296,657498,21798,1221683,,,Independent,Jillian Godsil,1.4,"9,179","9,829","10,607","11,531",,,,,,,,
South,1,peter oloughlin,Peter O'Loughlin,FALSE,IND,"6,561",running,4,131500,679296,657498,21798,1221683,,,Independent,Peter O'Loughlin,1,"6,561","7,000",,,,,,,,,,
South,1,donal oriordain,Dónal Ó Ríordáin,FALSE,FS,"1,634",running,4,131500,679296,657498,21798,1221683,,,Fís Nua,Dónal Ó Ríordáin,0.2,"1,634","1,766",,,,,,,,,,
South,2,brian crowley,Brian Crowley,TRUE,FF,,elected,4,131500,679296,657498,21798,1221683,,,,,,,,,,,,,,,,,
South,2,liadh niriada,Liadh Ní Riada,FALSE,SF,"129,957",running,4,131500,679296,657498,21798,1221683,,,,,,,,,,,,,,,,,
South,2,sean kelly,Seán Kelly,TRUE,FG,"92,042",running,4,131500,679296,657498,21798,1221683,,,,,,,,,,,,,,,,,
South,2,simon harris,Simon Harris,FALSE,FG,"53,912",running,4,131500,679296,657498,21798,1221683,,,,,,,,,,,,,,,,,
South,2,deirdre clune,Deirdre Clune,FALSE,FG,"51,850",running,4,131500,679296,657498,21798,1221683,,,,,,,,,,,,,,,,,
South,2,diarmuid oflynn,Diarmuid O'Flynn,FALSE,IND,"31,649",running,4,131500,679296,657498,21798,1221683,,,,,,,,,,,,,,,,,
South,2,phil prendergast,Phil Prendergast,TRUE,LAB,"32,360",running,4,131500,679296,657498,21798,1221683,,,,,,,,,,,,,,,,,
South,2,kieran hartley,Kieran Hartley,FALSE,FF,"50,349",running,4,131500,679296,657498,21798,1221683,,,,,,,,,,,,,,,,,
South,2,grace osullivan,Grace O'Sullivan,FALSE,GP,"29,360",running,4,131500,679296,657498,21798,1221683,,,,,,,,,,,,,,,,,
South,2,theresa heaney,Theresa Heaney,FALSE,IND,"14,677",running,4,131500,679296,657498,21798,1221683,,,,,,,,,,,,,,,,,
South,2,richard cahill,Richard Cahill,FALSE,IND,"11,661",running,4,131500,679296,657498,21798,1221683,,,,,,,,,,,,,,,,,
South,2,jan vandeven,Jan van de Ven,FALSE,IND,"9,586",running,4,131500,679296,657498,21798,1221683,,,,,,,,,,,,,,,,,
South,2,jilian godsil,Jilian Godsil,FALSE,IND,"9,829",running,4,131500,679296,657498,21798,1221683,,,,,,,,,,,,,,,,,
South,2,peter oloughlin,Peter O'Loughlin,FALSE,IND,"7,000",eliminated,4,131500,679296,657498,21798,1221683,,,,,,,,,,,,,,,,,
South,2,donal oriordain,Dónal Ó Ríordáin,FALSE,FS,"1,766",eliminated,4,131500,679296,657498,21798,1221683,,,,,,,,,,,,,,,,,
South,3,brian crowley,Brian Crowley,TRUE,FF,,elected,4,131500,679296,657498,21798,1221683,,,,,,,,,,,,,,,,,
South,3,liadh niriada,Liadh Ní Riada,FALSE,SF,"130,840",running,4,131500,679296,657498,21798,1221683,,,,,,,,,,,,,,,,,
South,3,sean kelly,Seán Kelly,TRUE,FG,"92,355",running,4,131500,679296,657498,21798,1221683,,,,,,,,,,,,,,,,,
South,3,simon harris,Simon Harris,FALSE,FG,"54,161",running,4,131500,679296,657498,21798,1221683,,,,,,,,,,,,,,,,,
South,3,deirdre clune,Deirdre Clune,FALSE,FG,"52,097",running,4,131500,679296,657498,21798,1221683,,,,,,,,,,,,,,,,,
South,3,diarmuid oflynn,Diarmuid O'Flynn,FALSE,IND,"33,311",running,4,131500,679296,657498,21798,1221683,,,,,,,,,,,,,,,,,
South,3,phil prendergast,Phil Prendergast,TRUE,LAB,"32,664",running,4,131500,679296,657498,21798,1221683,,,,,,,,,,,,,,,,,
South,3,kieran hartley,Kieran Hartley,FALSE,FF,"50,653",running,4,131500,679296,657498,21798,1221683,,,,,,,,,,,,,,,,,
South,3,grace osullivan,Grace O'Sullivan,FALSE,GP,"29,999",running,4,131500,679296,657498,21798,1221683,,,,,,,,,,,,,,,,,
South,3,theresa heaney,Theresa Heaney,FALSE,IND,"15,159",running,4,131500,679296,657498,21798,1221683,,,,,,,,,,,,,,,,,
South,3,richard cahill,Richard Cahill,FALSE,IND,"12,408",running,4,131500,679296,657498,21798,1221683,,,,,,,,,,,,,,,,,
South,3,jan vandeven,Jan van de Ven,FALSE,IND,"10,125",eliminated,4,131500,679296,657498,21798,1221683,,,,,,,,,,,,,,,,,
South,3,jilian godsil,Jilian Godsil,FALSE,IND,"10,607",running,4,131500,679296,657498,21798,1221683,,,,,,,,,,,,,,,,,
South,3,peter oloughlin,Peter O'Loughlin,FALSE,IND,,eliminated,4,131500,679296,657498,21798,1221683,,,,,,,,,,,,,,,,,
South,3,donal oriordain,Dónal Ó Ríordáin,FALSE,FS,,eliminated,4,131500,679296,657498,21798,1221683,,,,,,,,,,,,,,,,,
South,4,brian crowley,Brian Crowley,TRUE,FF,,elected,4,131500,679296,657498,21798,1221683,,,,,,,,,,,,,,,,,
South,4,liadh niriada,Liadh Ní Riada,FALSE,SF,"132,590",elected,4,131500,679296,657498,21798,1221683,,,,,,,,,,,,,,,,,
South,4,sean kelly,Seán Kelly,TRUE,FG,"92,758",running,4,131500,679296,657498,21798,1221683,,,,,,,,,,,,,,,,,
South,4,simon harris,Simon Harris,FALSE,FG,"54,511",running,4,131500,679296,657498,21798,1221683,,,,,,,,,,,,,,,,,
South,4,deirdre clune,Deirdre Clune,FALSE,FG,"52,295",running,4,131500,679296,657498,21798,1221683,,,,,,,,,,,,,,,,,
South,4,diarmuid oflynn,Diarmuid O'Flynn,FALSE,IND,"34,840",running,4,131500,679296,657498,21798,1221683,,,,,,,,,,,,,,,,,
South,4,phil prendergast,Phil Prendergast,TRUE,LAB,"33,147",running,4,131500,679296,657498,21798,1221683,,,,,,,,,,,,,,,,,
South,4,kieran hartley,Kieran Hartley,FALSE,FF,"50,953",running,4,131500,679296,657498,21798,1221683,,,,,,,,,,,,,,,,,
South,4,grace osullivan,Grace O'Sullivan,FALSE,GP,"31,075",running,4,131500,679296,657498,21798,1221683,,,,,,,,,,,,,,,,,
South,4,theresa heaney,Theresa Heaney,FALSE,IND,"15,655",running,4,131500,679296,657498,21798,1221683,,,,,,,,,,,,,,,,,
South,4,richard cahill,Richard Cahill,FALSE,IND,"13,152",running,4,131500,679296,657498,21798,1221683,,,,,,,,,,,,,,,,,
South,4,jan vandeven,Jan van de Ven,FALSE,IND,,eliminated,4,131500,679296,657498,21798,1221683,,,,,,,,,,,,,,,,,
South,4,jilian godsil,Jilian Godsil,FALSE,IND,"11,531",eliminated,4,131500,679296,657498,21798,1221683,,,,,,,,,,,,,,,,,
South,4,peter oloughlin,Peter O'Loughlin,FALSE,IND,,eliminated,4,131500,679296,657498,21798,1221683,,,,,,,,,,,,,,,,,
South,4,donal oriordain,Dónal Ó Ríordáin,FALSE,FS,,eliminated,4,131500,679296,657498,21798,1221683,,,,,,,,,,,,,,,,,
South,5,brian crowley,Brian Crowley,TRUE,FF,,elected,4,131500,679296,657498,21798,1221683,,,,,,,,,,,,,,,,,
South,5,liadh niriada,Liadh Ní Riada,FALSE,SF,"132,590",elected,4,131500,679296,657498,21798,1221683,,,,,,,,,,,,,,,,,
South,5,sean kelly,Seán Kelly,TRUE,FG,"93,106",running,4,131500,679296,657498,21798,1221683,,,,,,,,,,,,,,,,,
South,5,simon harris,Simon Harris,FALSE,FG,"55,273",running,4,131500,679296,657498,21798,1221683,,,,,,,,,,,,,,,,,
South,5,deirdre clune,Deirdre Clune,FALSE,FG,"52,798",running,4,131500,679296,657498,21798,1221683,,,,,,,,,,,,,,,,,
South,5,diarmuid oflynn,Diarmuid O'Flynn,FALSE,IND,"36,198",running,4,131500,679296,657498,21798,1221683,,,,,,,,,,,,,,,,,
South,5,phil prendergast,Phil Prendergast,TRUE,LAB,"33,560",running,4,131500,679296,657498,21798,1221683,,,,,,,,,,,,,,,,,
South,5,kieran hartley,Kieran Hartley,FALSE,FF,"51,475",running,4,131500,679296,657498,21798,1221683,,,,,,,,,,,,,,,,,
South,5,grace osullivan,Grace O'Sullivan,FALSE,GP,"31,962",running,4,131500,679296,657498,21798,1221683,,,,,,,,,,,,,,,,,
South,5,theresa heaney,Theresa Heaney,FALSE,IND,"17,016",running,4,131500,679296,657498,21798,1221683,,,,,,,,,,,,,,,,,
South,5,richard cahill,Richard Cahill,FALSE,IND,"15,310",eliminated,4,131500,679296,657498,21798,1221683,,,,,,,,,,,,,,,,,
South,5,jan vandeven,Jan van de Ven,FALSE,IND,,eliminated,4,131500,679296,657498,21798,1221683,,,,,,,,,,,,,,,,,
South,5,jilian godsil,Jilian Godsil,FALSE,IND,,eliminated,4,131500,679296,657498,21798,1221683,,,,,,,,,,,,,,,,,
South,5,peter oloughlin,Peter O'Loughlin,FALSE,IND,,eliminated,4,131500,679296,657498,21798,1221683,,,,,,,,,,,,,,,,,
South,5,donal oriordain,Dónal Ó Ríordáin,FALSE,FS,,eliminated,4,131500,679296,657498,21798,1221683,,,,,,,,,,,,,,,,,
South,6,brian crowley,Brian Crowley,TRUE,FF,,elected,4,131500,679296,657498,21798,1221683,,,,,,,,,,,,,,,,,
South,6,liadh niriada,Liadh Ní Riada,FALSE,SF,"132,590",elected,4,131500,679296,657498,21798,1221683,,,,,,,,,,,,,,,,,
South,6,sean kelly,Seán Kelly,TRUE,FG,"94,266",running,4,131500,679296,657498,21798,1221683,,,,,,,,,,,,,,,,,
South,6,simon harris,Simon Harris,FALSE,FG,"56,050",running,4,131500,679296,657498,21798,1221683,,,,,,,,,,,,,,,,,
South,6,deirdre clune,Deirdre Clune,FALSE,FG,"54,081",running,4,131500,679296,657498,21798,1221683,,,,,,,,,,,,,,,,,
South,6,diarmuid oflynn,Diarmuid O'Flynn,FALSE,IND,"38,960",running,4,131500,679296,657498,21798,1221683,,,,,,,,,,,,,,,,,
South,6,phil prendergast,Phil Prendergast,TRUE,LAB,"34,150",running,4,131500,679296,657498,21798,1221683,,,,,,,,,,,,,,,,,
South,6,kieran hartley,Kieran Hartley,FALSE,FF,"52,481",running,4,131500,679296,657498,21798,1221683,,,,,,,,,,,,,,,,,
South,6,grace osullivan,Grace O'Sullivan,FALSE,GP,"32,829",running,4,131500,679296,657498,21798,1221683,,,,,,,,,,,,,,,,,
South,6,theresa heaney,Theresa Heaney,FALSE,IND,"19,114",eliminated,4,131500,679296,657498,21798,1221683,,,,,,,,,,,,,,,,,
South,6,richard cahill,Richard Cahill,FALSE,IND,,eliminated,4,131500,679296,657498,21798,1221683,,,,,,,,,,,,,,,,,
South,6,jan vandeven,Jan van de Ven,FALSE,IND,,eliminated,4,131500,679296,657498,21798,1221683,,,,,,,,,,,,,,,,,
South,6,jilian godsil,Jilian Godsil,FALSE,IND,,eliminated,4,131500,679296,657498,21798,1221683,,,,,,,,,,,,,,,,,
South,6,peter oloughlin,Peter O'Loughlin,FALSE,IND,,eliminated,4,131500,679296,657498,21798,1221683,,,,,,,,,,,,,,,,,
South,6,donal oriordain,Dónal Ó Ríordáin,FALSE,FS,,eliminated,4,131500,679296,657498,21798,1221683,,,,,,,,,,,,,,,,,
South,7,brian crowley,Brian Crowley,TRUE,FF,,elected,4,131500,679296,657498,21798,1221683,,,,,,,,,,,,,,,,,
South,7,liadh niriada,Liadh Ní Riada,FALSE,SF,"132,590",elected,4,131500,679296,657498,21798,1221683,,,,,,,,,,,,,,,,,
South,7,sean kelly,Seán Kelly,TRUE,FG,"95,683",running,4,131500,679296,657498,21798,1221683,,,,,,,,,,,,,,,,,
South,7,simon harris,Simon Harris,FALSE,FG,"56,691",running,4,131500,679296,657498,21798,1221683,,,,,,,,,,,,,,,,,
South,7,deirdre clune,Deirdre Clune,FALSE,FG,"55,293",running,4,131500,679296,657498,21798,1221683,,,,,,,,,,,,,,,,,
South,7,diarmuid oflynn,Diarmuid O'Flynn,FALSE,IND,"43,628",running,4,131500,679296,657498,21798,1221683,,,,,,,,,,,,,,,,,
South,7,phil prendergast,Phil Prendergast,TRUE,LAB,"34,874",running,4,131500,679296,657498,21798,1221683,,,,,,,,,,,,,,,,,
South,7,kieran hartley,Kieran Hartley,FALSE,FF,"54,475",running,4,131500,679296,657498,21798,1221683,,,,,,,,,,,,,,,,,
South,7,grace osullivan,Grace O'Sullivan,FALSE,GP,"34,443",running,4,131500,679296,657498,21798,1221683,,,,,,,,,,,,,,,,,
South,7,theresa heaney,Theresa Heaney,FALSE,IND,,eliminated,4,131500,679296,657498,21798,1221683,,,,,,,,,,,,,,,,,
South,7,richard cahill,Richard Cahill,FALSE,IND,,eliminated,4,131500,679296,657498,21798,1221683,,,,,,,,,,,,,,,,,
South,7,jan vandeven,Jan van de Ven,FALSE,IND,,eliminated,4,131500,679296,657498,21798,1221683,,,,,,,,,,,,,,,,,
South,7,jilian godsil,Jilian Godsil,FALSE,IND,,eliminated,4,131500,679296,657498,21798,1221683,,,,,,,,,,,,,,,,,
South,7,peter oloughlin,Peter O'Loughlin,FALSE,IND,,eliminated,4,131500,679296,657498,21798,1221683,,,,,,,,,,,,,,,,,
South,7,donal oriordain,Dónal Ó Ríordáin,FALSE,FS,,eliminated,4,131500,679296,657498,21798,1221683,,,,,,,,,,,,,,,,,
South,8,brian crowley,Brian Crowley,TRUE,FF,,elected,4,131500,679296,657498,21798,1221683,,,,,,,,,,,,,,,,,
South,8,liadh niriada,Liadh Ní Riada,FALSE,SF,,elected,4,131500,679296,657498,21798,1221683,,,,,,,,,,,,,,,,,
South,8,sean kelly,Seán Kelly,TRUE,FG,"95,736",running,4,131500,679296,657498,21798,1221683,,,,,,,,,,,,,,,,,
South,8,simon harris,Simon Harris,FALSE,FG,"56,738",running,4,131500,679296,657498,21798,1221683,,,,,,,,,,,,,,,,,
South,8,deirdre clune,Deirdre Clune,FALSE,FG,"55,340",running,4,131500,679296,657498,21798,1221683,,,,,,,,,,,,,,,,,
South,8,diarmuid oflynn,Diarmuid O'Flynn,FALSE,IND,"44,023",running,4,131500,679296,657498,21798,1221683,,,,,,,,,,,,,,,,,
South,8,phil prendergast,Phil Prendergast,TRUE,LAB,"34,939",running,4,131500,679296,657498,21798,1221683,,,,,,,,,,,,,,,,,
South,8,kieran hartley,Kieran Hartley,FALSE,FF,"54,559",running,4,131500,679296,657498,21798,1221683,,,,,,,,,,,,,,,,,
South,8,grace osullivan,Grace O'Sullivan,FALSE,GP,"34,607",eliminated,4,131500,679296,657498,21798,1221683,,,,,,,,,,,,,,,,,
South,8,theresa heaney,Theresa Heaney,FALSE,IND,,eliminated,4,131500,679296,657498,21798,1221683,,,,,,,,,,,,,,,,,
South,8,richard cahill,Richard Cahill,FALSE,IND,,eliminated,4,131500,679296,657498,21798,1221683,,,,,,,,,,,,,,,,,
South,8,jan vandeven,Jan van de Ven,FALSE,IND,,eliminated,4,131500,679296,657498,21798,1221683,,,,,,,,,,,,,,,,,
South,8,jilian godsil,Jilian Godsil,FALSE,IND,,eliminated,4,131500,679296,657498,21798,1221683,,,,,,,,,,,,,,,,,
South,8,peter oloughlin,Peter O'Loughlin,FALSE,IND,,eliminated,4,131500,679296,657498,21798,1221683,,,,,,,,,,,,,,,,,
South,8,donal oriordain,Dónal Ó Ríordáin,FALSE,FS,,eliminated,4,131500,679296,657498,21798,1221683,,,,,,,,,,,,,,,,,
South,9,brian crowley,Brian Crowley,TRUE,FF,,elected,4,131500,679296,657498,21798,1221683,,,,,,,,,,,,,,,,,
South,9,liadh niriada,Liadh Ní Riada,FALSE,SF,,elected,4,131500,679296,657498,21798,1221683,,,,,,,,,,,,,,,,,
South,9,sean kelly,Seán Kelly,TRUE,FG,"98,646",running,4,131500,679296,657498,21798,1221683,,,,,,,,,,,,,,,,,
South,9,simon harris,Simon Harris,FALSE,FG,"59,056",running,4,131500,679296,657498,21798,1221683,,,,,,,,,,,,,,,,,
South,9,deirdre clune,Deirdre Clune,FALSE,FG,"58,311",running,4,131500,679296,657498,21798,1221683,,,,,,,,,,,,,,,,,
South,9,diarmuid oflynn,Diarmuid O'Flynn,FALSE,IND,"48,125",running,4,131500,679296,657498,21798,1221683,,,,,,,,,,,,,,,,,
South,9,phil prendergast,Phil Prendergast,TRUE,LAB,"42,213",eliminated,4,131500,679296,657498,21798,1221683,,,,,,,,,,,,,,,,,
South,9,kieran hartley,Kieran Hartley,FALSE,FF,"56,746",running,4,131500,679296,657498,21798,1221683,,,,,,,,,,,,,,,,,
South,9,grace osullivan,Grace O'Sullivan,FALSE,GP,,eliminated,4,131500,679296,657498,21798,1221683,,,,,,,,,,,,,,,,,
South,9,theresa heaney,Theresa Heaney,FALSE,IND,,eliminated,4,131500,679296,657498,21798,1221683,,,,,,,,,,,,,,,,,
South,9,richard cahill,Richard Cahill,FALSE,IND,,eliminated,4,131500,679296,657498,21798,1221683,,,,,,,,,,,,,,,,,
South,9,jan vandeven,Jan van de Ven,FALSE,IND,,eliminated,4,131500,679296,657498,21798,1221683,,,,,,,,,,,,,,,,,
South,9,jilian godsil,Jilian Godsil,FALSE,IND,,eliminated,4,131500,679296,657498,21798,1221683,,,,,,,,,,,,,,,,,
South,9,peter oloughlin,Peter O'Loughlin,FALSE,IND,,eliminated,4,131500,679296,657498,21798,1221683,,,,,,,,,,,,,,,,,
South,9,donal oriordain,Dónal Ó Ríordáin,FALSE,FS,,eliminated,4,131500,679296,657498,21798,1221683,,,,,,,,,,,,,,,,,
South,10,brian crowley,Brian Crowley,TRUE,FF,,elected,4,131500,679296,657498,21798,1221683,,,,,,,,,,,,,,,,,
South,10,liadh niriada,Liadh Ní Riada,FALSE,SF,,elected,4,131500,679296,657498,21798,1221683,,,,,,,,,,,,,,,,,
South,10,sean kelly,Seán Kelly,TRUE,FG,"106,068",running,4,131500,679296,657498,21798,1221683,,,,,,,,,,,,,,,,,
South,10,simon harris,Simon Harris,FALSE,FG,"63,536",running,4,131500,679296,657498,21798,1221683,,,,,,,,,,,,,,,,,
South,10,deirdre clune,Deirdre Clune,FALSE,FG,"64,889",running,4,131500,679296,657498,21798,1221683,,,,,,,,,,,,,,,,,
South,10,diarmuid oflynn,Diarmuid O'Flynn,FALSE,IND,"51,387",eliminated,4,131500,679296,657498,21798,1221683,,,,,,,,,,,,,,,,,
South,10,phil prendergast,Phil Prendergast,TRUE,LAB,,eliminated,4,131500,679296,657498,21798,1221683,,,,,,,,,,,,,,,,,
South,10,kieran hartley,Kieran Hartley,FALSE,FF,"59,722",running,4,131500,679296,657498,21798,1221683,,,,,,,,,,,,,,,,,
South,10,grace osullivan,Grace O'Sullivan,FALSE,GP,,eliminated,4,131500,679296,657498,21798,1221683,,,,,,,,,,,,,,,,,
South,10,theresa heaney,Theresa Heaney,FALSE,IND,,eliminated,4,131500,679296,657498,21798,1221683,,,,,,,,,,,,,,,,,
South,10,richard cahill,Richard Cahill,FALSE,IND,,eliminated,4,131500,679296,657498,21798,1221683,,,,,,,,,,,,,,,,,
South,10,jan vandeven,Jan van de Ven,FALSE,IND,,eliminated,4,131500,679296,657498,21798,1221683,,,,,,,,,,,,,,,,,
South,10,jilian godsil,Jilian Godsil,FALSE,IND,,eliminated,4,131500,679296,657498,21798,1221683,,,,,,,,,,,,,,,,,
South,10,peter oloughlin,Peter O'Loughlin,FALSE,IND,,eliminated,4,131500,679296,657498,21798,1221683,,,,,,,,,,,,,,,,,
South,10,donal oriordain,Dónal Ó Ríordáin,FALSE,FS,,eliminated,4,131500,679296,657498,21798,1221683,,,,,,,,,,,,,,,,,
South,11,brian crowley,Brian Crowley,TRUE,FF,,elected,4,131500,679296,657498,21798,1221683,,,,,,,,,,,,,,,,,
South,11,liadh niriada,Liadh Ní Riada,FALSE,SF,,elected,4,131500,679296,657498,21798,1221683,,,,,,,,,,,,,,,,,
South,11,sean kelly,Seán Kelly,TRUE,FG,"113,311",running,4,131500,679296,657498,21798,1221683,,,,,,,,,,,,,,,,,
South,11,simon harris,Simon Harris,FALSE,FG,"66,061",running,4,131500,679296,657498,21798,1221683,,,,,,,,,,,,,,,,,
South,11,deirdre clune,Deirdre Clune,FALSE,FG,"69,009",running,4,131500,679296,657498,21798,1221683,,,,,,,,,,,,,,,,,
South,11,diarmuid oflynn,Diarmuid O'Flynn,FALSE,IND,,eliminated,4,131500,679296,657498,21798,1221683,,,,,,,,,,,,,,,,,
South,11,phil prendergast,Phil Prendergast,TRUE,LAB,,eliminated,4,131500,679296,657498,21798,1221683,,,,,,,,,,,,,,,,,
South,11,kieran hartley,Kieran Hartley,FALSE,FF,"64,357",eliminated,4,131500,679296,657498,21798,1221683,,,,,,,,,,,,,,,,,
South,11,grace osullivan,Grace O'Sullivan,FALSE,GP,,eliminated,4,131500,679296,657498,21798,1221683,,,,,,,,,,,,,,,,,
South,11,theresa heaney,Theresa Heaney,FALSE,IND,,eliminated,4,131500,679296,657498,21798,1221683,,,,,,,,,,,,,,,,,
South,11,richard cahill,Richard Cahill,FALSE,IND,,eliminated,4,131500,679296,657498,21798,1221683,,,,,,,,,,,,,,,,,
South,11,jan vandeven,Jan van de Ven,FALSE,IND,,eliminated,4,131500,679296,657498,21798,1221683,,,,,,,,,,,,,,,,,
South,11,jilian godsil,Jilian Godsil,FALSE,IND,,eliminated,4,131500,679296,657498,21798,1221683,,,,,,,,,,,,,,,,,
South,11,peter oloughlin,Peter O'Loughlin,FALSE,IND,,eliminated,4,131500,679296,657498,21798,1221683,,,,,,,,,,,,,,,,,
South,11,donal oriordain,Dónal Ó Ríordáin,FALSE,FS,,eliminated,4,131500,679296,657498,21798,1221683,,,,,,,,,,,,,,,,,
South,12,brian crowley,Brian Crowley,TRUE,FF,,elected,4,131500,679296,657498,21798,1221683,,,,,,,,,,,,,,,,,
South,12,liadh niriada,Liadh Ní Riada,FALSE,SF,,elected,4,131500,679296,657498,21798,1221683,,,,,,,,,,,,,,,,,
South,12,sean kelly,Seán Kelly,TRUE,FG,"121,566",elected,4,131500,679296,657498,21798,1221683,,,,,,,,,,,,,,,,,
South,12,simon harris,Simon Harris,FALSE,FG,"70,808",running,4,131500,679296,657498,21798,1221683,,,,,,,,,,,,,,,,,
South,12,deirdre clune,Deirdre Clune,FALSE,FG,"74,370",elected,4,131500,679296,657498,21798,1221683,,,,,,,,,,,,,,,,,
South,12,diarmuid oflynn,Diarmuid O'Flynn,FALSE,IND,,eliminated,4,131500,679296,657498,21798,1221683,,,,,,,,,,,,,,,,,
South,12,phil prendergast,Phil Prendergast,TRUE,LAB,,eliminated,4,131500,679296,657498,21798,1221683,,,,,,,,,,,,,,,,,
South,12,kieran hartley,Kieran Hartley,FALSE,FF,,eliminated,4,131500,679296,657498,21798,1221683,,,,,,,,,,,,,,,,,
South,12,grace osullivan,Grace O'Sullivan,FALSE,GP,,eliminated,4,131500,679296,657498,21798,1221683,,,,,,,,,,,,,,,,,
South,12,theresa heaney,Theresa Heaney,FALSE,IND,,eliminated,4,131500,679296,657498,21798,1221683,,,,,,,,,,,,,,,,,
South,12,richard cahill,Richard Cahill,FALSE,IND,,eliminated,4,131500,679296,657498,21798,1221683,,,,,,,,,,,,,,,,,
South,12,jan vandeven,Jan van de Ven,FALSE,IND,,eliminated,4,131500,679296,657498,21798,1221683,,,,,,,,,,,,,,,,,
South,12,jilian godsil,Jilian Godsil,FALSE,IND,,eliminated,4,131500,679296,657498,21798,1221683,,,,,,,,,,,,,,,,,
South,12,peter oloughlin,Peter O'Loughlin,FALSE,IND,,eliminated,4,131500,679296,657498,21798,1221683,,,,,,,,,,,,,,,,,
South,12,donal oriordain,Dónal Ó Ríordáin,FALSE,FS,,eliminated,4,131500,679296,657498,21798,1221683,,,,,,,,,,,,,,,,,