year,constituency,party,votes,seats
2024,Abhainn Ghabhla,FF,30,
2024,Abhainn Ghabhla,FG,17,
2024,Abhainn Ghabhla,SF,31,
2024,Abhainn Ghabhla,GP,0,
,,,,
2024,Abhainn Ghabhla,LP,2,
2024,Abhainn Ghabhla,SD,2,
2024,Abhainn Ghabhla,PBPS,1,
2024,Abhainn Ghabhla,AON,0,
2024,Abhainn Ghabhla,INDIRL,22,
2024,Abhainn Ghabhla,IPP,0,
2024,Abhainn Ghabhla,IFP,0,
2024,Abhainn Ghabhla,IND,12,
2024,An Carn Mór,FF,113,
2024,An Carn Mór,FG,125,
2024,An Carn Mór,SF,70,
2024,An Carn Mór,GP,13,
,,,,
2024,An Carn Mór,LP,7,
2024,An Carn Mór,SD,22,
2024,An Carn Mór,PBPS,5,
2024,An Carn Mór,AON,16,
2024,An Carn Mór,INDIRL,29,
2024,An Carn Mór,IPP,5,
2024,An Carn Mór,IFP,4,
2024,An Carn Mór,IND,688,
2024,An Chorr,FF,74,
2024,An Chorr,FG,156,
2024,An Chorr,SF,77,
2024,An Chorr,GP,5,
,,,,
2024,An Chorr,LP,4,
2024,An Chorr,SD,6,
2024,An Chorr,PBPS,6,
2024,An Chorr,AON,5,
2024,An Chorr,INDIRL,28,
2024,An Chorr,IPP,0,
2024,An Chorr,IFP,6,
2024,An Chorr,IND,58,
2024,An Cnoc Buí,FF,126,
2024,An Cnoc Buí,FG,81,
2024,An Cnoc Buí,SF,137,
2024,An Cnoc Buí,GP,0,
,,,,
2024,An Cnoc Buí,LP,7,
2024,An Cnoc Buí,SD,7,
2024,An Cnoc Buí,PBPS,8,
2024,An Cnoc Buí,AON,6,
2024,An Cnoc Buí,INDIRL,76,
2024,An Cnoc Buí,IPP,1,
2024,An Cnoc Buí,IFP,6,
2024,An Cnoc Buí,IND,63,
2024,An Crompán,FF,254,
2024,An Crompán,FG,120,
2024,An Crompán,SF,276,
2024,An Crompán,GP,19,
,,,,
2024,An Crompán,LP,13,
2024,An Crompán,SD,22,
2024,An Crompán,PBPS,19,
2024,An Crompán,AON,23,
2024,An Crompán,INDIRL,408,
2024,An Crompán,IPP,5,
2024,An Crompán,IFP,16,
2024,An Crompán,IND,269,
2024,An Fhairche,FF,188,
2024,An Fhairche,FG,146,
2024,An Fhairche,SF,68,
2024,An Fhairche,GP,19,
,,,,
2024,An Fhairche,LP,8,
2024,An Fhairche,SD,16,
2024,An Fhairche,PBPS,4,
2024,An Fhairche,AON,6,
2024,An Fhairche,INDIRL,35,
2024,An Fhairche,IPP,2,
2024,An Fhairche,IFP,5,
2024,An Fhairche,IND,40,
2024,An Ros,FF,61,
2024,An Ros,FG,23,
2024,An Ros,SF,30,
2024,An Ros,GP,0,
,,,,
2024,An Ros,LP,1,
2024,An Ros,SD,0,
2024,An Ros,PBPS,1,
2024,An Ros,AON,0,
2024,An Ros,INDIRL,17,
2024,An Ros,IPP,1,
2024,An Ros,IFP,1,
2024,An Ros,IND,11,
2024,An Spidéal,FF,286,
2024,An Spidéal,FG,156,
2024,An Spidéal,SF,183,
2024,An Spidéal,GP,33,
,,,,
2024,An Spidéal,LP,25,
2024,An Spidéal,SD,53,
2024,An Spidéal,PBPS,28,
2024,An Spidéal,AON,29,
2024,An Spidéal,INDIRL,166,
2024,An Spidéal,IPP,5,
2024,An Spidéal,IFP,11,
2024,An Spidéal,IND,252,
2024,An Turlach,FF,65,
2024,An Turlach,FG,16,
2024,An Turlach,SF,103,
2024,An Turlach,GP,2,
,,,,
2024,An Turlach,LP,5,
2024,An Turlach,SD,6,
2024,An Turlach,PBPS,0,
2024,An Turlach,AON,1,
2024,An Turlach,INDIRL,36,
2024,An Turlach,IPP,2,
2024,An Turlach,IFP,2,
2024,An Turlach,IND,46,
2024,An Uillinn,FF,48,
2024,An Uillinn,FG,56,
2024,An Uillinn,SF,38,
2024,An Uillinn,GP,0,
,,,,
2024,An Uillinn,LP,4,
2024,An Uillinn,SD,1,
2024,An Uillinn,PBPS,0,
2024,An Uillinn,AON,1,
2024,An Uillinn,INDIRL,59,
2024,An Uillinn,IPP,0,
2024,An Uillinn,IFP,0,
2024,An Uillinn,IND,17,
2024,Árainn,FF,128,
2024,Árainn,FG,67,
2024,Árainn,SF,113,
2024,Árainn,GP,11,
,,,,
2024,Árainn,LP,7,
2024,Árainn,SD,1,
2024,Árainn,PBPS,1,
2024,Árainn,AON,2,
2024,Árainn,INDIRL,48,
2024,Árainn,IPP,5,
2024,Árainn,IFP,1,
2024,Árainn,IND,171,
2024,Baile an Teampaill,FF,123,
2024,Baile an Teampaill,FG,162,
2024,Baile an Teampaill,SF,56,
2024,Baile an Teampaill,GP,16,
,,,,
2024,Baile an Teampaill,LP,18,
2024,Baile an Teampaill,SD,18,
2024,Baile an Teampaill,PBPS,6,
2024,Baile an Teampaill,AON,12,
2024,Baile an Teampaill,INDIRL,11,
2024,Baile an Teampaill,IPP,5,
2024,Baile an Teampaill,IFP,7,
2024,Baile an Teampaill,IND,451,
2024,Baile Chláir,FF,221,
2024,Baile Chláir,FG,214,
2024,Baile Chláir,SF,177,
2024,Baile Chláir,GP,18,
,,,,
2024,Baile Chláir,LP,29,
2024,Baile Chláir,SD,46,
2024,Baile Chláir,PBPS,16,
2024,Baile Chláir,AON,21,
2024,Baile Chláir,INDIRL,105,
2024,Baile Chláir,IPP,6,
2024,Baile Chláir,IFP,8,
2024,Baile Chláir,IND,620,
2024,Ballybaan,FF,145,
2024,Ballybaan,FG,160,
2024,Ballybaan,SF,248,
2024,Ballybaan,GP,19,
,,,,
2024,Ballybaan,LP,43,
2024,Ballybaan,SD,27,
2024,Ballybaan,PBPS,13,
2024,Ballybaan,AON,27,
2024,Ballybaan,INDIRL,30,
2024,Ballybaan,IPP,9,
2024,Ballybaan,IFP,10,
2024,Ballybaan,IND,342,
2024,Ballybrit,FF,78,
2024,Ballybrit,FG,40,
2024,Ballybrit,SF,218,
2024,Ballybrit,GP,18,
,,,,
2024,Ballybrit,LP,42,
2024,Ballybrit,SD,25,
2024,Ballybrit,PBPS,16,
2024,Ballybrit,AON,13,
2024,Ballybrit,INDIRL,12,
2024,Ballybrit,IPP,5,
2024,Ballybrit,IFP,5,
2024,Ballybrit,IND,216,
2024,Ballynacourty,FF,171,
2024,Ballynacourty,FG,531,
2024,Ballynacourty,SF,122,
2024,Ballynacourty,GP,64,
,,,,
2024,Ballynacourty,LP,35,
2024,Ballynacourty,SD,58,
2024,Ballynacourty,PBPS,8,
2024,Ballynacourty,AON,25,
2024,Ballynacourty,INDIRL,25,
2024,Ballynacourty,IPP,10,
2024,Ballynacourty,IFP,11,
2024,Ballynacourty,IND,351,
2024,Ballynakill,FF,40,
2024,Ballynakill,FG,47,
2024,Ballynakill,SF,46,
2024,Ballynakill,GP,5,
,,,,
2024,Ballynakill,LP,4,
2024,Ballynakill,SD,11,
2024,Ballynakill,PBPS,4,
2024,Ballynakill,AON,5,
2024,Ballynakill,INDIRL,29,
2024,Ballynakill,IPP,8,
2024,Ballynakill,IFP,2,
2024,Ballynakill,IND,38,
2024,Barna (City),FF,"1,217",
2024,Barna (City),FG,982,
2024,Barna (City),SF,562,
2024,Barna (City),GP,258,
,,,,
2024,Barna (City),LP,208,
2024,Barna (City),SD,269,
2024,Barna (City),PBPS,82,
2024,Barna (City),AON,158,
2024,Barna (City),INDIRL,162,
2024,Barna (City),IPP,42,
2024,Barna (City),IFP,44,
2024,Barna (City),IND,"1,166",
2024,Barna (County),FF,674,
2024,Barna (County),FG,432,
2024,Barna (County),SF,139,
2024,Barna (County),GP,91,
,,,,
2024,Barna (County),LP,69,
2024,Barna (County),SD,79,
2024,Barna (County),PBPS,17,
2024,Barna (County),AON,39,
2024,Barna (County),INDIRL,114,
2024,Barna (County),IPP,8,
2024,Barna (County),IFP,6,
2024,Barna (County),IND,332,
2024,Binn an Choire,FF,25,
2024,Binn an Choire,FG,15,
2024,Binn an Choire,SF,8,
2024,Binn an Choire,GP,2,
,,,,
2024,Binn an Choire,LP,1,
2024,Binn an Choire,SD,0,
2024,Binn an Choire,PBPS,1,
2024,Binn an Choire,AON,0,
2024,Binn an Choire,INDIRL,18,
2024,Binn an Choire,IPP,0,
2024,Binn an Choire,IFP,4,
2024,Binn an Choire,IND,19,
2024,Bunowen,FF,71,
2024,Bunowen,FG,81,
2024,Bunowen,SF,48,
2024,Bunowen,GP,1,
,,,,
2024,Bunowen,LP,0,
2024,Bunowen,SD,4,
2024,Bunowen,PBPS,4,
2024,Bunowen,AON,1,
2024,Bunowen,INDIRL,56,
2024,Bunowen,IPP,0,
2024,Bunowen,IFP,1,
2024,Bunowen,IND,33,
2024,Camas,FF,29,
2024,Camas,FG,10,
2024,Camas,SF,39,
2024,Camas,GP,1,
,,,,
2024,Camas,LP,1,
2024,Camas,SD,0,
2024,Camas,PBPS,1,
2024,Camas,AON,4,
2024,Camas,INDIRL,18,
2024,Camas,IPP,0,
2024,Camas,IFP,0,
2024,Camas,IND,19,
2024,Castlegar,FF,218,
2024,Castlegar,FG,181,
2024,Castlegar,SF,240,
2024,Castlegar,GP,18,
,,,,
2024,Castlegar,LP,77,
2024,Castlegar,SD,36,
2024,Castlegar,PBPS,22,
2024,Castlegar,AON,27,
2024,Castlegar,INDIRL,81,
2024,Castlegar,IPP,6,
2024,Castlegar,IFP,16,
2024,Castlegar,IND,323,
2024,Ceathrú an Bhrúnaigh,FF,110,
2024,Ceathrú an Bhrúnaigh,FG,80,
2024,Ceathrú an Bhrúnaigh,SF,58,
2024,Ceathrú an Bhrúnaigh,GP,21,
,,,,
2024,Ceathrú an Bhrúnaigh,LP,16,
2024,Ceathrú an Bhrúnaigh,SD,25,
2024,Ceathrú an Bhrúnaigh,PBPS,10,
2024,Ceathrú an Bhrúnaigh,AON,8,
2024,Ceathrú an Bhrúnaigh,INDIRL,21,
2024,Ceathrú an Bhrúnaigh,IPP,2,
2024,Ceathrú an Bhrúnaigh,IFP,2,
2024,Ceathrú an Bhrúnaigh,IND,339,
2024,Cill Aithnín,FF,92,
2024,Cill Aithnín,FG,61,
2024,Cill Aithnín,SF,57,
2024,Cill Aithnín,GP,4,
,,,,
2024,Cill Aithnín,LP,10,
2024,Cill Aithnín,SD,48,
2024,Cill Aithnín,PBPS,0,
2024,Cill Aithnín,AON,6,
2024,Cill Aithnín,INDIRL,91,
2024,Cill Aithnín,IPP,2,
2024,Cill Aithnín,IFP,5,
2024,Cill Aithnín,IND,109,
2024,Cill Chuimín,FF,105,
2024,Cill Chuimín,FG,58,
2024,Cill Chuimín,SF,91,
2024,Cill Chuimín,GP,6,
,,,,
2024,Cill Chuimín,LP,10,
2024,Cill Chuimín,SD,5,
2024,Cill Chuimín,PBPS,2,
2024,Cill Chuimín,AON,8,
2024,Cill Chuimín,INDIRL,217,
2024,Cill Chuimín,IPP,4,
2024,Cill Chuimín,IFP,5,
2024,Cill Chuimín,IND,116,
2024,Claddagh,FF,130,
2024,Claddagh,FG,162,
2024,Claddagh,SF,136,
2024,Claddagh,GP,34,
,,,,
2024,Claddagh,LP,32,
2024,Claddagh,SD,39,
2024,Claddagh,PBPS,31,
2024,Claddagh,AON,26,
2024,Claddagh,INDIRL,13,
2024,Claddagh,IPP,12,
2024,Claddagh,IFP,5,
2024,Claddagh,IND,458,
2024,Clarinbridge,FF,237,
2024,Clarinbridge,FG,502,
2024,Clarinbridge,SF,125,
2024,Clarinbridge,GP,64,
,,,,
2024,Clarinbridge,LP,34,
2024,Clarinbridge,SD,42,
2024,Clarinbridge,PBPS,13,
2024,Clarinbridge,AON,34,
2024,Clarinbridge,INDIRL,29,
2024,Clarinbridge,IPP,22,
2024,Clarinbridge,IFP,7,
2024,Clarinbridge,IND,524,
2024,Cleggan,FF,21,
2024,Cleggan,FG,39,
2024,Cleggan,SF,44,
2024,Cleggan,GP,5,
,,,,
2024,Cleggan,LP,2,
2024,Cleggan,SD,0,
2024,Cleggan,PBPS,0,
2024,Cleggan,AON,1,
2024,Cleggan,INDIRL,22,
2024,Cleggan,IPP,2,
2024,Cleggan,IFP,4,
2024,Cleggan,IND,23,
2024,Clifden,FF,25,
2024,Clifden,FG,28,
2024,Clifden,SF,21,
2024,Clifden,GP,0,
,,,,
2024,Clifden,LP,0,
2024,Clifden,SD,1,
2024,Clifden,PBPS,0,
2024,Clifden,AON,1,
2024,Clifden,INDIRL,35,
2024,Clifden,IPP,0,
2024,Clifden,IFP,0,
2024,Clifden,IND,16,
2024,Cloch na Rón,FF,74,
2024,Cloch na Rón,FG,156,
2024,Cloch na Rón,SF,77,
2024,Cloch na Rón,GP,5,
,,,,
2024,Cloch na Rón,LP,4,
2024,Cloch na Rón,SD,6,
2024,Cloch na Rón,PBPS,6,
2024,Cloch na Rón,AON,5,
2024,Cloch na Rón,INDIRL,28,
2024,Cloch na Rón,IPP,0,
2024,Cloch na Rón,IFP,6,
2024,Cloch na Rón,IND,58,
2024,Conga,FF,126,
2024,Conga,FG,70,
2024,Conga,SF,33,
2024,Conga,GP,4,
,,,,
2024,Conga,LP,5,
2024,Conga,SD,6,
2024,Conga,PBPS,6,
2024,Conga,AON,1,
2024,Conga,INDIRL,47,
2024,Conga,IPP,1,
2024,Conga,IFP,2,
2024,Conga,IND,38,
2024,Cushkillary,FF,67,
2024,Cushkillary,FG,44,
2024,Cushkillary,SF,45,
2024,Cushkillary,GP,4,
,,,,
2024,Cushkillary,LP,2,
2024,Cushkillary,SD,4,
2024,Cushkillary,PBPS,0,
2024,Cushkillary,AON,5,
2024,Cushkillary,INDIRL,19,
2024,Cushkillary,IPP,0,
2024,Cushkillary,IFP,1,
2024,Cushkillary,IND,23,
2024,Dangan,FF,304,
2024,Dangan,FG,317,
2024,Dangan,SF,256,
2024,Dangan,GP,87,
,,,,
2024,Dangan,LP,104,
2024,Dangan,SD,91,
2024,Dangan,PBPS,64,
2024,Dangan,AON,79,
2024,Dangan,INDIRL,56,
2024,Dangan,IPP,22,
2024,Dangan,IFP,27,
2024,Dangan,IND,606,
2024,Derrycunlagh,FF,41,
2024,Derrycunlagh,FG,97,
2024,Derrycunlagh,SF,88,
2024,Derrycunlagh,GP,7,
,,,,
2024,Derrycunlagh,LP,6,
2024,Derrycunlagh,SD,2,
2024,Derrycunlagh,PBPS,6,
2024,Derrycunlagh,AON,6,
2024,Derrycunlagh,INDIRL,0,
2024,Derrycunlagh,IPP,5,
2024,Derrycunlagh,IFP,4,
2024,Derrycunlagh,IND,36,
2024,Derrylea,FF,46,
2024,Derrylea,FG,70,
2024,Derrylea,SF,50,
2024,Derrylea,GP,5,
,,,,
2024,Derrylea,LP,1,
2024,Derrylea,SD,5,
2024,Derrylea,PBPS,4,
2024,Derrylea,AON,5,
2024,Derrylea,INDIRL,22,
2024,Derrylea,IPP,1,
2024,Derrylea,IFP,1,
2024,Derrylea,IND,29,
2024,Doonloughan,FF,23,
2024,Doonloughan,FG,31,
2024,Doonloughan,SF,36,
2024,Doonloughan,GP,2,
,,,,
2024,Doonloughan,LP,0,
2024,Doonloughan,SD,6,
2024,Doonloughan,PBPS,0,
2024,Doonloughan,AON,2,
2024,Doonloughan,INDIRL,56,
2024,Doonloughan,IPP,2,
2024,Doonloughan,IFP,0,
2024,Doonloughan,IND,15,
2024,Eanach Dhúin,FF,184,
2024,Eanach Dhúin,FG,183,
2024,Eanach Dhúin,SF,117,
2024,Eanach Dhúin,GP,19,
,,,,
2024,Eanach Dhúin,LP,24,
2024,Eanach Dhúin,SD,34,
2024,Eanach Dhúin,PBPS,15,
2024,Eanach Dhúin,AON,16,
2024,Eanach Dhúin,INDIRL,54,
2024,Eanach Dhúin,IPP,7,
2024,Eanach Dhúin,IFP,8,
2024,Eanach Dhúin,IND,422,
2024,Errislannan,FF,23,
2024,Errislannan,FG,31,
2024,Errislannan,SF,36,
2024,Errislannan,GP,2,
,,,,
2024,Errislannan,LP,0,
2024,Errislannan,SD,6,
2024,Errislannan,PBPS,0,
2024,Errislannan,AON,2,
2024,Errislannan,INDIRL,56,
2024,Errislannan,IPP,2,
2024,Errislannan,IFP,0,
2024,Errislannan,IND,15,
2024,Eyre Square,FF,96,
2024,Eyre Square,FG,51,
2024,Eyre Square,SF,143,
2024,Eyre Square,GP,16,
,,,,
2024,Eyre Square,LP,35,
2024,Eyre Square,SD,51,
2024,Eyre Square,PBPS,29,
2024,Eyre Square,AON,17,
2024,Eyre Square,INDIRL,10,
2024,Eyre Square,IPP,9,
2024,Eyre Square,IFP,5,
2024,Eyre Square,IND,194,
2024,Galway Rural,FF,96,
2024,Galway Rural,FG,139,
2024,Galway Rural,SF,19,
2024,Galway Rural,GP,10,
,,,,
2024,Galway Rural,LP,11,
2024,Galway Rural,SD,12,
2024,Galway Rural,PBPS,2,
2024,Galway Rural,AON,6,
2024,Galway Rural,INDIRL,56,
2024,Galway Rural,IPP,4,
2024,Galway Rural,IFP,2,
2024,Galway Rural,IND,69,
2024,Garmna,FF,79,
2024,Garmna,FG,152,
2024,Garmna,SF,202,
2024,Garmna,GP,16,
,,,,
2024,Garmna,LP,1,
2024,Garmna,SD,7,
2024,Garmna,PBPS,2,
2024,Garmna,AON,1,
2024,Garmna,INDIRL,269,
2024,Garmna,IPP,1,
2024,Garmna,IFP,5,
2024,Garmna,IND,59,
2024,Inishbofin,FF,38,
2024,Inishbofin,FG,1,
2024,Inishbofin,SF,23,
2024,Inishbofin,GP,4,
,,,,
2024,Inishbofin,LP,2,
2024,Inishbofin,SD,0,
2024,Inishbofin,PBPS,2,
2024,Inishbofin,AON,1,
2024,Inishbofin,INDIRL,4,
2024,Inishbofin,IPP,1,
2024,Inishbofin,IFP,0,
2024,Inishbofin,IND,22,
2024,Knocknacarragh,FF,566,
2024,Knocknacarragh,FG,579,
2024,Knocknacarragh,SF,331,
2024,Knocknacarragh,GP,104,
,,,,
2024,Knocknacarragh,LP,149,
2024,Knocknacarragh,SD,119,
2024,Knocknacarragh,PBPS,44,
2024,Knocknacarragh,AON,58,
2024,Knocknacarragh,INDIRL,70,
2024,Knocknacarragh,IPP,29,
2024,Knocknacarragh,IFP,26,
2024,Knocknacarragh,IND,596,
2024,Leacach Beag,FF,116,
2024,Leacach Beag,FG,155,
2024,Leacach Beag,SF,85,
2024,Leacach Beag,GP,13,
,,,,
2024,Leacach Beag,LP,17,
2024,Leacach Beag,SD,17,
2024,Leacach Beag,PBPS,11,
2024,Leacach Beag,AON,21,
2024,Leacach Beag,INDIRL,41,
2024,Leacach Beag,IPP,5,
2024,Leacach Beag,IFP,7,
2024,Leacach Beag,IND,323,
2024,Leitir Breacáin,FF,46,
2024,Leitir Breacáin,FG,70,
2024,Leitir Breacáin,SF,50,
2024,Leitir Breacáin,GP,5,
,,,,
2024,Leitir Breacáin,LP,1,
2024,Leitir Breacáin,SD,5,
2024,Leitir Breacáin,PBPS,4,
2024,Leitir Breacáin,AON,5,
2024,Leitir Breacáin,INDIRL,22,
2024,Leitir Breacáin,IPP,1,
2024,Leitir Breacáin,IFP,1,
2024,Leitir Breacáin,IND,29,
2024,Leitir Mór,FF,131,
2024,Leitir Mór,FG,86,
2024,Leitir Mór,SF,175,
2024,Leitir Mór,GP,6,
,,,,
2024,Leitir Mór,LP,5,
2024,Leitir Mór,SD,6,
2024,Leitir Mór,PBPS,5,
2024,Leitir Mór,AON,2,
2024,Leitir Mór,INDIRL,162,
2024,Leitir Mór,IPP,0,
2024,Leitir Mór,IFP,7,
2024,Leitir Mór,IND,65,
2024,Letterfore,FF,38,
2024,Letterfore,FG,117,
2024,Letterfore,SF,36,
2024,Letterfore,GP,12,
,,,,
2024,Letterfore,LP,10,
2024,Letterfore,SD,6,
2024,Letterfore,PBPS,5,
2024,Letterfore,AON,4,
2024,Letterfore,INDIRL,197,
2024,Letterfore,IPP,1,
2024,Letterfore,IFP,4,
2024,Letterfore,IND,67,
2024,Liscananaun,FF,160,
2024,Liscananaun,FG,185,
2024,Liscananaun,SF,104,
2024,Liscananaun,GP,17,
,,,,
2024,Liscananaun,LP,24,
2024,Liscananaun,SD,12,
2024,Liscananaun,PBPS,11,
2024,Liscananaun,AON,15,
2024,Liscananaun,INDIRL,31,
2024,Liscananaun,IPP,7,
2024,Liscananaun,IFP,4,
2024,Liscananaun,IND,424,
2024,Lisín an Bhealaigh,FF,114,
2024,Lisín an Bhealaigh,FG,69,
2024,Lisín an Bhealaigh,SF,87,
2024,Lisín an Bhealaigh,GP,7,
,,,,
2024,Lisín an Bhealaigh,LP,10,
2024,Lisín an Bhealaigh,SD,28,
2024,Lisín an Bhealaigh,PBPS,4,
2024,Lisín an Bhealaigh,AON,11,
2024,Lisín an Bhealaigh,INDIRL,31,
2024,Lisín an Bhealaigh,IPP,5,
2024,Lisín an Bhealaigh,IFP,7,
2024,Lisín an Bhealaigh,IND,457,
2024,Lough Atalia,FF,47,
2024,Lough Atalia,FG,79,
2024,Lough Atalia,SF,71,
2024,Lough Atalia,GP,16,
,,,,
2024,Lough Atalia,LP,25,
2024,Lough Atalia,SD,18,
2024,Lough Atalia,PBPS,6,
2024,Lough Atalia,AON,9,
2024,Lough Atalia,INDIRL,18,
2024,Lough Atalia,IPP,0,
2024,Lough Atalia,IFP,0,
2024,Lough Atalia,IND,110,
2024,Maigh Cuillin,FF,183,
2024,Maigh Cuillin,FG,658,
2024,Maigh Cuillin,SF,152,
2024,Maigh Cuillin,GP,82,
,,,,
2024,Maigh Cuillin,LP,46,
2024,Maigh Cuillin,SD,75,
2024,Maigh Cuillin,PBPS,17,
2024,Maigh Cuillin,AON,44,
2024,Maigh Cuillin,INDIRL,473,
2024,Maigh Cuillin,IPP,4,
2024,Maigh Cuillin,IFP,5,
2024,Maigh Cuillin,IND,232,
2024,Maíros,FF,25,
2024,Maíros,FG,15,
2024,Maíros,SF,8,
2024,Maíros,GP,2,
,,,,
2024,Maíros,LP,1,
2024,Maíros,SD,0,
2024,Maíros,PBPS,1,
2024,Maíros,AON,0,
2024,Maíros,INDIRL,18,
2024,Maíros,IPP,0,
2024,Maíros,IFP,4,
2024,Maíros,IND,19,
2024,Menlough,FF,160,
2024,Menlough,FG,208,
2024,Menlough,SF,171,
2024,Menlough,GP,35,
,,,,
2024,Menlough,LP,58,
2024,Menlough,SD,69,
2024,Menlough,PBPS,25,
2024,Menlough,AON,30,
2024,Menlough,INDIRL,32,
2024,Menlough,IPP,9,
2024,Menlough,IFP,4,
2024,Menlough,IND,500,
2024,Mervue,FF,97,
2024,Mervue,FG,60,
2024,Mervue,SF,173,
2024,Mervue,GP,12,
,,,,
2024,Mervue,LP,45,
2024,Mervue,SD,14,
2024,Mervue,PBPS,14,
2024,Mervue,AON,14,
2024,Mervue,INDIRL,13,
2024,Mervue,IPP,8,
2024,Mervue,IFP,9,
2024,Mervue,IND,347,
2024,Murrough,FF,75,
2024,Murrough,FG,117,
2024,Murrough,SF,84,
2024,Murrough,GP,22,
,,,,
2024,Murrough,LP,42,
2024,Murrough,SD,23,
2024,Murrough,PBPS,6,
2024,Murrough,AON,8,
2024,Murrough,INDIRL,14,
2024,Murrough,IPP,4,
2024,Murrough,IFP,1,
2024,Murrough,IND,169,
2024,Na Forbacha,FF,220,
2024,Na Forbacha,FG,143,
2024,Na Forbacha,SF,93,
2024,Na Forbacha,GP,29,
,,,,
2024,Na Forbacha,LP,40,
2024,Na Forbacha,SD,27,
2024,Na Forbacha,PBPS,7,
2024,Na Forbacha,AON,13,
2024,Na Forbacha,INDIRL,69,
2024,Na Forbacha,IPP,5,
2024,Na Forbacha,IFP,10,
2024,Na Forbacha,IND,157,
2024,Newcastle,FF,119,
2024,Newcastle,FG,52,
2024,Newcastle,SF,144,
2024,Newcastle,GP,10,
,,,,
2024,Newcastle,LP,18,
2024,Newcastle,SD,34,
2024,Newcastle,PBPS,22,
2024,Newcastle,AON,21,
2024,Newcastle,INDIRL,23,
2024,Newcastle,IPP,12,
2024,Newcastle,IFP,29,
2024,Newcastle,IND,269,
2024,Nuns Island,FF,73,
2024,Nuns Island,FG,48,
2024,Nuns Island,SF,45,
2024,Nuns Island,GP,17,
,,,,
2024,Nuns Island,LP,31,
2024,Nuns Island,SD,26,
2024,Nuns Island,PBPS,12,
2024,Nuns Island,AON,16,
2024,Nuns Island,INDIRL,0,
2024,Nuns Island,IPP,6,
2024,Nuns Island,IFP,0,
2024,Nuns Island,IND,103,
2024,Oranmore,FF,289,
2024,Oranmore,FG,776,
2024,Oranmore,SF,215,
2024,Oranmore,GP,100,
,,,,
2024,Oranmore,LP,56,
2024,Oranmore,SD,86,
2024,Oranmore,PBPS,28,
2024,Oranmore,AON,53,
2024,Oranmore,INDIRL,41,
2024,Oranmore,IPP,7,
2024,Oranmore,IFP,5,
2024,Oranmore,IND,605,
2024,Oughterard,FF,73,
2024,Oughterard,FG,159,
2024,Oughterard,SF,113,
2024,Oughterard,GP,27,
,,,,
2024,Oughterard,LP,18,
2024,Oughterard,SD,42,
2024,Oughterard,PBPS,11,
2024,Oughterard,AON,12,
2024,Oughterard,INDIRL,301,
2024,Oughterard,IPP,8,
2024,Oughterard,IFP,12,
2024,Oughterard,IND,246,
2024,Rahoon,FF,261,
2024,Rahoon,FG,313,
2024,Rahoon,SF,216,
2024,Rahoon,GP,87,
,,,,
2024,Rahoon,LP,53,
2024,Rahoon,SD,87,
2024,Rahoon,PBPS,22,
2024,Rahoon,AON,39,
2024,Rahoon,INDIRL,68,
2024,Rahoon,IPP,16,
2024,Rahoon,IFP,14,
2024,Rahoon,IND,456,
2024,Renmore,FF,113,
2024,Renmore,FG,62,
2024,Renmore,SF,177,
2024,Renmore,GP,12,
,,,,
2024,Renmore,LP,32,
2024,Renmore,SD,27,
2024,Renmore,PBPS,3,
2024,Renmore,AON,9,
2024,Renmore,INDIRL,45,
2024,Renmore,IPP,4,
2024,Renmore,IFP,4,
2024,Renmore,IND,136,
2024,Rinvyle,FF,115,
2024,Rinvyle,FG,59,
2024,Rinvyle,SF,175,
2024,Rinvyle,GP,8,
,,,,
2024,Rinvyle,LP,4,
2024,Rinvyle,SD,5,
2024,Rinvyle,PBPS,2,
2024,Rinvyle,AON,5,
2024,Rinvyle,INDIRL,59,
2024,Rinvyle,IPP,4,
2024,Rinvyle,IFP,4,
2024,Rinvyle,IND,69,
2024,Rockbarton,FF,322,
2024,Rockbarton,FG,481,
2024,Rockbarton,SF,52,
2024,Rockbarton,GP,101,
,,,,
2024,Rockbarton,LP,36,
2024,Rockbarton,SD,52,
2024,Rockbarton,PBPS,23,
2024,Rockbarton,AON,27,
2024,Rockbarton,INDIRL,32,
2024,Rockbarton,IPP,22,
2024,Rockbarton,IFP,1,
2024,Rockbarton,IND,264,
2024,Sailearna,FF,186,
2024,Sailearna,FG,214,
2024,Sailearna,SF,200,
2024,Sailearna,GP,29,
,,,,
2024,Sailearna,LP,38,
2024,Sailearna,SD,42,
2024,Sailearna,PBPS,19,
2024,Sailearna,AON,19,
2024,Sailearna,INDIRL,352,
2024,Sailearna,IPP,5,
2024,Sailearna,IFP,12,
2024,Sailearna,IND,227,
2024,Salthill,FF,479,
2024,Salthill,FG,503,
2024,Salthill,SF,227,
2024,Salthill,GP,153,
,,,,
2024,Salthill,LP,112,
2024,Salthill,SD,91,
2024,Salthill,PBPS,43,
2024,Salthill,AON,45,
2024,Salthill,INDIRL,56,
2024,Salthill,IPP,29,
2024,Salthill,IFP,12,
2024,Salthill,IND,532,
2024,Scainimh,FF,117,
2024,Scainimh,FG,39,
2024,Scainimh,SF,103,
2024,Scainimh,GP,18,
,,,,
2024,Scainimh,LP,1,
2024,Scainimh,SD,1,
2024,Scainimh,PBPS,0,
2024,Scainimh,AON,2,
2024,Scainimh,INDIRL,48,
2024,Scainimh,IPP,4,
2024,Scainimh,IFP,1,
2024,Scainimh,IND,28,
2024,Shantalla,FF,49,
2024,Shantalla,FG,21,
2024,Shantalla,SF,35,
2024,Shantalla,GP,14,
,,,,
2024,Shantalla,LP,16,
2024,Shantalla,SD,5,
2024,Shantalla,PBPS,13,
2024,Shantalla,AON,4,
2024,Shantalla,INDIRL,6,
2024,Shantalla,IPP,5,
2024,Shantalla,IFP,0,
2024,Shantalla,IND,83,
2024,Sillerna,FF,57,
2024,Sillerna,FG,42,
2024,Sillerna,SF,69,
2024,Sillerna,GP,1,
,,,,
2024,Sillerna,LP,1,
2024,Sillerna,SD,1,
2024,Sillerna,PBPS,4,
2024,Sillerna,AON,2,
2024,Sillerna,INDIRL,31,
2024,Sillerna,IPP,4,
2024,Sillerna,IFP,1,
2024,Sillerna,IND,23,
2024,Sliabh An Aonaigh,FF,11,
2024,Sliabh An Aonaigh,FG,28,
2024,Sliabh An Aonaigh,SF,12,
2024,Sliabh An Aonaigh,GP,0,
,,,,
2024,Sliabh An Aonaigh,LP,6,
2024,Sliabh An Aonaigh,SD,1,
2024,Sliabh An Aonaigh,PBPS,0,
2024,Sliabh An Aonaigh,AON,0,
2024,Sliabh An Aonaigh,INDIRL,97,
2024,Sliabh An Aonaigh,IPP,1,
2024,Sliabh An Aonaigh,IFP,1,
2024,Sliabh An Aonaigh,IND,13,
2024,St. Nicholas,FF,81,
2024,St. Nicholas,FG,65,
2024,St. Nicholas,SF,135,
2024,St. Nicholas,GP,12,
,,,,
2024,St. Nicholas,LP,32,
2024,St. Nicholas,SD,69,
2024,St. Nicholas,PBPS,49,
2024,St. Nicholas,AON,21,
2024,St. Nicholas,INDIRL,21,
2024,St. Nicholas,IPP,6,
2024,St. Nicholas,IFP,9,
2024,St. Nicholas,IND,214,
2024,Taylor's Hill,FF,170,
2024,Taylor's Hill,FG,144,
2024,Taylor's Hill,SF,42,
2024,Taylor's Hill,GP,42,
,,,,
2024,Taylor's Hill,LP,27,
2024,Taylor's Hill,SD,27,
2024,Taylor's Hill,PBPS,6,
2024,Taylor's Hill,AON,10,
2024,Taylor's Hill,INDIRL,10,
2024,Taylor's Hill,IPP,8,
2024,Taylor's Hill,IFP,8,
2024,Taylor's Hill,IND,156,
2024,Tulaigh Mhic Aodháin,FF,13,
2024,Tulaigh Mhic Aodháin,FG,87,
2024,Tulaigh Mhic Aodháin,SF,16,
2024,Tulaigh Mhic Aodháin,GP,11,
,,,,
2024,Tulaigh Mhic Aodháin,LP,4,
2024,Tulaigh Mhic Aodháin,SD,7,
2024,Tulaigh Mhic Aodháin,PBPS,5,
2024,Tulaigh Mhic Aodháin,AON,0,
2024,Tulaigh Mhic Aodháin,INDIRL,149,
2024,Tulaigh Mhic Aodháin,IPP,0,
2024,Tulaigh Mhic Aodháin,IFP,0,
2024,Tulaigh Mhic Aodháin,IND,36,
2024,Welpark,FF,69,
2024,Welpark,FG,68,
2024,Welpark,SF,126,
2024,Welpark,GP,9,
,,,,
2024,Welpark,LP,32,
2024,Welpark,SD,26,
2024,Welpark,PBPS,6,
2024,Welpark,AON,30,
2024,Welpark,INDIRL,10,
2024,Welpark,IPP,12,
2024,Welpark,IFP,1,
2024,Welpark,IND,199,
2024,Wormhole,FF,127,
2024,Wormhole,FG,296,
2024,Wormhole,SF,105,
2024,Wormhole,GP,51,
,,,,
2024,Wormhole,LP,47,
2024,Wormhole,SD,44,
2024,Wormhole,PBPS,25,
2024,Wormhole,AON,17,
2024,Wormhole,INDIRL,828,
2024,Wormhole,IPP,1,
2024,Wormhole,IFP,2,
2024,Wormhole,IND,195,